booking_id,search_id,customer_id,listing_id,booking_date,check_in_date,nights,travel_event,base_price_at_booking,seasonal_multiplier_applied,displayed_pricing_strategy,offer_shown,offer_addon_price,offer_accepted,final_total_price,booking_status,cancellation_date,cancellation_reason
B000001,S000002,C0002,2549,2026-04-11,2026-05-31,2,Regular,1872,1.0,Show Area Average (Value Reassurance),Area Average Shown (Value Reassurance) — no upsell pitched,0,No,3744,Completed,,
B000002,S000003,C0003,271,2026-04-03,2026-05-13,3,Diwali,1450,1.26,Hide Average — Show Premium Upsell Nudge,Add private parking + home-cooked meals for ₹500,500,No,5481,Completed,,
B000003,S000004,C0003,857,2026-09-26,2026-11-09,4,Diwali,2100,1.12,Show Area Average (Value Reassurance),Area Average Shown (Value Reassurance) — no upsell pitched,0,No,9408,Completed,,
B000004,S000009,C0005,3059,2026-02-18,2026-02-26,1,Holi,2355,1.0,Show Area Average (Value Reassurance),Area Average Shown (Value Reassurance) — no upsell pitched,0,No,2355,Completed,,
B000005,S000011,C0006,3241,2026-04-30,2026-05-31,3,Regular,1284,1.0,Show Area Average (Value Reassurance),Area Average Shown (Value Reassurance) — no upsell pitched,0,No,3852,Completed,,
B000006,S000013,C0006,3681,2026-06-08,2026-08-11,5,Regular,1682,1.0,Hide Average — Show Premium Upsell Nudge,Add airport/station pickup for ₹500,500,No,8410,Completed,,
B000007,S000021,C0011,3324,2026-04-16,2026-04-30,1,Regular,5894,1.0,Hide Average — Show Premium Upsell Nudge,Add couple decor setup for ₹700,700,No,5894,Completed,,
B000008,S000022,C0012,3498,2026-02-22,2026-04-23,2,Diwali,2413,1.94,Show Area Average (Value Reassurance),Area Average Shown (Value Reassurance) — no upsell pitched,0,No,9362,Completed,,
B000009,S000026,C0015,1579,2026-03-31,2026-04-29,2,Valentine,2450,1.36,Hide Average — Show Premium Upsell Nudge,Add private parking + home-cooked meals for ₹500,500,No,6664,Completed,,
B000010,S000027,C0016,2514,2026-07-09,2026-07-20,5,Summer Vacation,3570,1.11,Hide Average — Show Premium Upsell Nudge,Add private breakfast for ₹300,300,No,19810,Completed,,
B000011,S000028,C0016,2617,2026-01-18,2026-02-19,1,Long Weekend,1764,1.15,Show Area Average (Value Reassurance),Area Average Shown (Value Reassurance) — no upsell pitched,0,No,2028,Completed,,
B000012,S000030,C0017,2932,2026-02-21,2026-04-03,2,Regular,3154,1.0,Show Area Average (Value Reassurance),Area Average Shown (Value Reassurance) — no upsell pitched,0,No,6308,Completed,,
B000013,S000032,C0018,3878,2026-09-11,2026-09-30,5,Holi,2750,0.9,Hide Average — Show Premium Upsell Nudge,Add couple decor setup for ₹700,700,Yes,15875,Completed,,
B000014,S000033,C0018,292,2026-03-04,2026-05-05,3,Summer Vacation,2900,0.94,Hide Average — Show Premium Upsell Nudge,Add private parking + home-cooked meals for ₹500,500,No,8178,Completed,,
B000015,S000034,C0019,1793,2026-09-06,2026-10-16,2,Regular,3100,1.0,Hide Average — Show Premium Upsell Nudge,Add private parking + home-cooked meals for ₹500,500,No,6200,Completed,,
B000016,S000036,C0020,379,2026-08-01,2026-10-11,2,Summer Vacation,2350,0.97,Hide Average — Show Premium Upsell Nudge,Add private parking + home-cooked meals for ₹500,500,No,4558,Completed,,
B000017,S000038,C0021,3222,2026-01-21,2026-03-01,3,Summer Vacation,3156,1.64,Hide Average — Show Premium Upsell Nudge,Add bonfire & BBQ setup for ₹600,600,No,15525,Cancelled,2026-01-28,Found Cheaper Option
B000018,S000041,C0023,33,2026-02-19,2026-05-01,4,Regular,1300,1.0,Show Area Average (Value Reassurance),Area Average Shown (Value Reassurance) — no upsell pitched,0,No,5200,Completed,,
B000019,S000043,C0025,2743,2026-03-21,2026-05-09,3,Holi,10443,0.92,Hide Average — Show Premium Upsell Nudge,Add late checkout + welcome hamper for ₹400,400,Yes,30021,Completed,,
B000020,S000046,C0027,3529,2026-06-02,2026-06-09,1,Diwali,4444,1.64,Hide Average — Show Premium Upsell Nudge,Add late checkout + welcome hamper for ₹400,400,No,7288,Completed,,
B000021,S000048,C0028,2221,2026-09-23,2026-10-18,2,Regular,3250,1.0,Hide Average — Show Premium Upsell Nudge,Add late checkout + welcome hamper for ₹400,400,No,6500,Cancelled,2026-09-26,Personal Emergency
B000022,S000050,C0028,2044,2026-09-11,2026-09-26,2,Regular,1350,1.0,Show Area Average (Value Reassurance),Area Average Shown (Value Reassurance) — no upsell pitched,0,No,2700,Completed,,
B000023,S000051,C0029,3874,2026-01-03,2026-02-03,2,Diwali,3683,1.88,Show Area Average (Value Reassurance),Area Average Shown (Value Reassurance) — no upsell pitched,0,No,13848,Completed,,
B000024,S000053,C0029,3511,2026-07-28,2026-09-30,2,Holi,5584,0.92,Hide Average — Show Premium Upsell Nudge,Add airport/station pickup for ₹500,500,Yes,11274,Completed,,
B000025,S000054,C0030,1126,2026-02-28,2026-04-10,5,Wedding Season,3350,0.99,Hide Average — Show Premium Upsell Nudge,Add late checkout + welcome hamper for ₹400,400,No,16580,Cancelled,2026-04-02,Personal Emergency
B000026,S000058,C0032,1352,2026-07-09,2026-08-08,4,Long Weekend,2050,1.07,Show Area Average (Value Reassurance),Area Average Shown (Value Reassurance) — no upsell pitched,0,No,8772,Completed,,
B000027,S000059,C0032,1815,2026-01-26,2026-02-27,2,Regular,2200,1.0,Hide Average — Show Premium Upsell Nudge,Add couple decor setup for ₹700,700,No,4400,Completed,,
B000028,S000064,C0036,3893,2026-05-18,2026-05-28,3,Wedding Season,5128,1.0,Show Area Average (Value Reassurance),Area Average Shown (Value Reassurance) — no upsell pitched,0,No,15384,Completed,,
B000029,S000065,C0036,3285,2026-02-08,2026-03-31,3,Long Weekend,5497,1.81,Show Area Average (Value Reassurance),Area Average Shown (Value Reassurance) — no upsell pitched,0,No,29847,Completed,,
B000030,S000066,C0036,1172,2026-01-09,2026-02-25,1,Regular,4000,1.0,Hide Average — Show Premium Upsell Nudge,Add couple decor setup for ₹700,700,Yes,4700,Completed,,
B000031,S000070,C0039,2598,2026-03-20,2026-05-06,3,Valentine,2612,1.28,Show Area Average (Value Reassurance),Area Average Shown (Value Reassurance) — no upsell pitched,0,No,10029,Completed,,
B000032,S000071,C0039,2901,2026-01-15,2026-02-26,4,Long Weekend,2355,1.21,Show Area Average (Value Reassurance),Area Average Shown (Value Reassurance) — no upsell pitched,0,No,11396,Completed,,
B000033,S000072,C0039,31,2026-05-23,2026-07-15,2,Summer Vacation,2300,0.94,Show Area Average (Value Reassurance),Area Average Shown (Value Reassurance) — no upsell pitched,0,No,4324,Cancelled,2026-07-04,Found Cheaper Option
B000034,S000077,C0042,3114,2026-04-01,2026-06-02,3,Holi,8326,0.96,Hide Average — Show Premium Upsell Nudge,Add late checkout + welcome hamper for ₹400,400,Yes,25176,Completed,,
B000035,S000078,C0043,3135,2026-02-16,2026-03-02,4,Summer Vacation,2477,1.16,Show Area Average (Value Reassurance),Area Average Shown (Value Reassurance) — no upsell pitched,0,No,11492,Completed,,
B000036,S000081,C0044,3256,2026-09-11,2026-11-10,2,Summer Vacation,2813,1.57,Hide Average — Show Premium Upsell Nudge,Add late checkout + welcome hamper for ₹400,400,No,8832,Completed,,
B000037,S000082,C0045,2361,2026-02-17,2026-04-19,1,Valentine,2800,1.3,Hide Average — Show Premium Upsell Nudge,Add couple decor setup for ₹700,700,No,3640,Completed,,
B000038,S000083,C0045,1863,2026-04-08,2026-05-15,1,Long Weekend,2700,1.05,Hide Average — Show Premium Upsell Nudge,Add private breakfast for ₹300,300,No,2835,Completed,,
B000039,S000086,C0047,326,2026-08-25,2026-10-14,2,Long Weekend,4000,1.14,Hide Average — Show Premium Upsell Nudge,Add couple decor setup for ₹700,700,No,9120,Cancelled,2026-09-22,Found Cheaper Option
B000040,S000088,C0048,2856,2026-02-09,2026-02-21,2,Regular,1238,1.0,Show Area Average (Value Reassurance),Area Average Shown (Value Reassurance) — no upsell pitched,0,No,2476,Completed,,
B000041,S000089,C0049,1238,2026-07-22,2026-08-15,4,Summer Vacation,2650,0.89,Show Area Average (Value Reassurance),Area Average Shown (Value Reassurance) — no upsell pitched,0,No,9432,Cancelled,2026-08-05,Found Cheaper Option
B000042,S000090,C0049,843,2026-09-04,2026-11-02,3,Diwali,2550,1.25,Hide Average — Show Premium Upsell Nudge,Add private breakfast for ₹300,300,No,9561,Cancelled,2026-10-15,Found Cheaper Option
B000043,S000094,C0050,2173,2026-07-02,2026-07-30,5,Regular,3550,1.0,Hide Average — Show Premium Upsell Nudge,Add bonfire & BBQ setup for ₹600,600,No,17750,Cancelled,2026-07-23,Change of Plans
B000044,S000099,C0052,917,2026-07-01,2026-07-12,2,Regular,3350,1.0,Hide Average — Show Premium Upsell Nudge,Add late checkout + welcome hamper for ₹400,400,Yes,7500,Completed,,
B000045,S000101,C0053,727,2026-02-22,2026-04-30,1,Regular,4000,1.0,Hide Average — Show Premium Upsell Nudge,Add private breakfast for ₹300,300,No,4000,Cancelled,2026-04-02,Change of Plans
B000046,S000102,C0053,1187,2026-04-30,2026-05-18,1,Long Weekend,2200,1.03,Show Area Average (Value Reassurance),Area Average Shown (Value Reassurance) — no upsell pitched,0,No,2266,Cancelled,2026-05-04,Found Cheaper Option
B000047,S000105,C0054,3656,2026-07-20,2026-08-31,1,Summer Vacation,1955,1.8,Show Area Average (Value Reassurance),Area Average Shown (Value Reassurance) — no upsell pitched,0,No,3519,Cancelled,2026-07-24,Change of Plans
B000048,S000110,C0058,67,2026-04-13,2026-06-10,3,Summer Vacation,4000,0.95,Hide Average — Show Premium Upsell Nudge,Add private breakfast for ₹300,300,No,11400,Completed,,
B000049,S000113,C0060,3722,2026-09-03,2026-10-27,4,Diwali,6394,1.94,Hide Average — Show Premium Upsell Nudge,Add private breakfast for ₹300,300,No,49616,Completed,,
B000050,S000119,C0064,2385,2026-09-04,2026-11-07,4,Summer Vacation,2600,0.94,Show Area Average (Value Reassurance),Area Average Shown (Value Reassurance) — no upsell pitched,0,No,9776,Completed,,
B000051,S000121,C0064,1573,2026-05-30,2026-06-18,4,Summer Vacation,2350,0.95,Show Area Average (Value Reassurance),Area Average Shown (Value Reassurance) — no upsell pitched,0,No,8928,Completed,,
B000052,S000126,C0066,3693,2026-04-22,2026-06-13,1,Long Weekend,2569,1.78,Hide Average — Show Premium Upsell Nudge,Add couple decor setup for ₹700,700,No,4572,Cancelled,2026-06-03,Price Increase Post-Booking
B000053,S000127,C0067,2313,2026-03-27,2026-04-02,2,Regular,2950,1.0,Show Area Average (Value Reassurance),Area Average Shown (Value Reassurance) — no upsell pitched,0,No,5900,Completed,,
B000054,S000129,C0069,2158,2026-01-04,2026-02-10,2,Regular,2150,1.0,Hide Average — Show Premium Upsell Nudge,Add late checkout + welcome hamper for ₹400,400,No,4300,Completed,,
B000055,S000134,C0071,299,2026-01-15,2026-03-22,4,Long Weekend,2450,1.07,Hide Average — Show Premium Upsell Nudge,Add private breakfast for ₹300,300,Yes,11684,Completed,,
B000056,S000136,C0071,115,2026-06-04,2026-07-02,1,Regular,2750,1.0,Show Area Average (Value Reassurance),Area Average Shown (Value Reassurance) — no upsell pitched,0,No,2750,Completed,,
B000057,S000138,C0072,3484,2026-04-11,2026-06-13,1,New Year,3339,2.07,Hide Average — Show Premium Upsell Nudge,Add couple decor setup for ₹700,700,No,6911,Cancelled,2026-05-11,Weather Concern
B000058,S000140,C0072,2932,2026-06-05,2026-07-13,2,Regular,3154,1.0,Show Area Average (Value Reassurance),Area Average Shown (Value Reassurance) — no upsell pitched,0,No,6308,Completed,,
B000059,S000142,C0073,403,2026-06-06,2026-08-12,2,Long Weekend,4000,1.06,Hide Average — Show Premium Upsell Nudge,Add bonfire & BBQ setup for ₹600,600,No,8480,Completed,,
B000060,S000144,C0074,1336,2026-09-03,2026-10-03,3,Summer Vacation,1450,0.91,Show Area Average (Value Reassurance),Area Average Shown (Value Reassurance) — no upsell pitched,0,No,3957,Completed,,
B000061,S000145,C0074,3251,2026-07-22,2026-10-04,2,Regular,1996,1.0,Hide Average — Show Premium Upsell Nudge,Add airport/station pickup for ₹500,500,No,3992,Cancelled,2026-09-11,Weather Concern
B000062,S000148,C0076,3689,2026-07-08,2026-09-07,4,Summer Vacation,2981,1.51,Hide Average — Show Premium Upsell Nudge,Add private parking + home-cooked meals for ₹500,500,Yes,20004,Completed,,
B000063,S000149,C0076,3168,2026-02-08,2026-03-29,2,Diwali,2954,1.58,Show Area Average (Value Reassurance),Area Average Shown (Value Reassurance) — no upsell pitched,0,No,9334,Completed,,
B000064,S000153,C0077,3051,2026-04-06,2026-05-18,1,Diwali,972,1.26,Show Area Average (Value Reassurance),Area Average Shown (Value Reassurance) — no upsell pitched,0,No,1224,Completed,,
B000065,S000158,C0079,2821,2026-04-13,2026-04-20,1,Regular,14563,1.0,Hide Average — Show Premium Upsell Nudge,Add bonfire & BBQ setup for ₹600,600,No,14563,Completed,,
B000066,S000159,C0079,1408,2026-06-29,2026-07-21,5,Long Weekend,1350,1.02,Show Area Average (Value Reassurance),Area Average Shown (Value Reassurance) — no upsell pitched,0,No,6885,Completed,,
B000067,S000160,C0080,2700,2026-02-25,2026-04-12,3,Diwali,13436,1.78,Hide Average — Show Premium Upsell Nudge,Add private breakfast for ₹300,300,Yes,72648,Completed,,
B000068,S000162,C0080,1839,2026-05-13,2026-06-09,2,Long Weekend,2350,1.05,Hide Average — Show Premium Upsell Nudge,Add airport/station pickup for ₹500,500,Yes,5934,Completed,,
B000069,S000166,C0083,3761,2026-05-23,2026-05-24,1,Holi,1466,0.9,Show Area Average (Value Reassurance),Area Average Shown (Value Reassurance) — no upsell pitched,0,No,1319,Completed,,
B000070,S000167,C0084,3239,2026-06-01,2026-07-13,3,Summer Vacation,1865,1.68,Hide Average — Show Premium Upsell Nudge,Add private breakfast for ₹300,300,No,9399,Cancelled,2026-07-06,Personal Emergency
B000071,S000173,C0087,730,2026-09-08,2026-11-09,2,Regular,1900,1.0,Show Area Average (Value Reassurance),Area Average Shown (Value Reassurance) — no upsell pitched,0,No,3800,Completed,,
B000072,S000175,C0087,3897,2026-06-14,2026-08-21,4,Summer Vacation,3083,1.74,Show Area Average (Value Reassurance),Area Average Shown (Value Reassurance) — no upsell pitched,0,No,21456,Completed,,
B000073,S000177,C0089,3613,2026-01-30,2026-03-23,3,Long Weekend,5467,1.67,Show Area Average (Value Reassurance),Area Average Shown (Value Reassurance) — no upsell pitched,0,No,27387,Completed,,
B000074,S000181,C0092,2759,2026-06-14,2026-08-05,5,Diwali,3546,1.37,Hide Average — Show Premium Upsell Nudge,Add private parking + home-cooked meals for ₹500,500,Yes,26790,Completed,,
B000075,S000183,C0093,1966,2026-09-23,2026-09-25,4,Regular,1550,1.0,Show Area Average (Value Reassurance),Area Average Shown (Value Reassurance) — no upsell pitched,0,No,6200,Completed,,
B000076,S000184,C0094,2684,2026-08-30,2026-10-17,2,Summer Vacation,3554,1.2,Hide Average — Show Premium Upsell Nudge,Add bonfire & BBQ setup for ₹600,600,No,8528,Completed,,
B000077,S000185,C0094,3578,2026-07-14,2026-07-22,4,Summer Vacation,3091,1.58,Show Area Average (Value Reassurance),Area Average Shown (Value Reassurance) — no upsell pitched,0,No,19532,Completed,,
B000078,S000187,C0095,1407,2026-07-15,2026-09-19,1,Regular,1100,1.0,Show Area Average (Value Reassurance),Area Average Shown (Value Reassurance) — no upsell pitched,0,No,1100,Completed,,
B000079,S000188,C0096,1131,2026-05-03,2026-06-07,1,Summer Vacation,3400,0.87,Hide Average — Show Premium Upsell Nudge,Add couple decor setup for ₹700,700,Yes,3658,Completed,,
B000080,S000191,C0098,2530,2026-09-22,2026-11-03,4,Regular,16000,1.0,Hide Average — Show Premium Upsell Nudge,Add airport/station pickup for ₹500,500,No,64000,Completed,,
B000081,S000192,C0098,2110,2026-08-01,2026-09-26,4,Regular,1300,1.0,Show Area Average (Value Reassurance),Area Average Shown (Value Reassurance) — no upsell pitched,0,No,5200,Completed,,
B000082,S000197,C0100,2730,2026-03-05,2026-05-13,1,Regular,2207,1.0,Show Area Average (Value Reassurance),Area Average Shown (Value Reassurance) — no upsell pitched,0,No,2207,Completed,,
B000083,S000198,C0101,1299,2026-04-09,2026-06-15,2,Regular,2050,1.0,Hide Average — Show Premium Upsell Nudge,Add airport/station pickup for ₹500,500,Yes,5100,Completed,,
B000084,S000199,C0101,1028,2026-04-17,2026-04-27,4,New Year,2300,1.18,Hide Average — Show Premium Upsell Nudge,Add bonfire & BBQ setup for ₹600,600,No,10856,Cancelled,2026-04-25,Change of Plans
B000085,S000204,C0104,2547,2026-08-25,2026-09-19,2,Regular,1851,1.0,Show Area Average (Value Reassurance),Area Average Shown (Value Reassurance) — no upsell pitched,0,No,3702,Completed,,
B000086,S000206,C0104,2556,2026-06-29,2026-08-04,5,Regular,1282,1.0,Show Area Average (Value Reassurance),Area Average Shown (Value Reassurance) — no upsell pitched,0,No,6410,Completed,,
B000087,S000207,C0104,2956,2026-08-26,2026-09-29,2,Regular,2882,1.0,Show Area Average (Value Reassurance),Area Average Shown (Value Reassurance) — no upsell pitched,0,No,5764,Completed,,
B000088,S000210,C0106,1493,2026-07-07,2026-09-11,3,Regular,1200,1.0,Show Area Average (Value Reassurance),Area Average Shown (Value Reassurance) — no upsell pitched,0,No,3600,Completed,,
B000089,S000211,C0106,1663,2026-09-08,2026-10-30,2,Summer Vacation,4000,0.98,Hide Average — Show Premium Upsell Nudge,Add airport/station pickup for ₹500,500,No,7840,Completed,,
B000090,S000212,C0107,3450,2026-05-22,2026-07-27,2,Diwali,6172,1.83,Hide Average — Show Premium Upsell Nudge,Add private breakfast for ₹300,300,No,22588,Cancelled,2026-07-22,Personal Emergency
B000091,S000218,C0108,968,2026-03-08,2026-04-15,3,Long Weekend,2100,1.04,Hide Average — Show Premium Upsell Nudge,Add private parking + home-cooked meals for ₹500,500,No,6552,Cancelled,2026-04-11,Personal Emergency
B000092,S000219,C0109,2756,2026-05-07,2026-05-10,2,Regular,1304,1.0,Show Area Average (Value Reassurance),Area Average Shown (Value Reassurance) — no upsell pitched,0,No,2608,Completed,,
B000093,S000220,C0109,3399,2026-04-16,2026-05-01,4,Valentine,989,1.17,Show Area Average (Value Reassurance),Area Average Shown (Value Reassurance) — no upsell pitched,0,No,4628,Cancelled,2026-04-18,Change of Plans
B000094,S000222,C0109,3564,2026-04-13,2026-06-04,2,Regular,2695,1.0,Hide Average — Show Premium Upsell Nudge,Add airport/station pickup for ₹500,500,No,5390,Completed,,
B000095,S000223,C0110,2289,2026-01-16,2026-01-18,2,Regular,1900,1.0,Show Area Average (Value Reassurance),Area Average Shown (Value Reassurance) — no upsell pitched,0,No,3800,Completed,,
B000096,S000225,C0111,2782,2026-02-22,2026-04-05,1,Regular,1380,1.0,Show Area Average (Value Reassurance),Area Average Shown (Value Reassurance) — no upsell pitched,0,No,1380,Completed,,
B000097,S000226,C0112,714,2026-03-04,2026-03-13,3,Regular,4000,1.0,Hide Average — Show Premium Upsell Nudge,Add late checkout + welcome hamper for ₹400,400,Yes,13200,Completed,,
B000098,S000227,C0112,461,2026-08-03,2026-10-06,1,Valentine,4000,1.33,Hide Average — Show Premium Upsell Nudge,Add private breakfast for ₹300,300,Yes,5620,Completed,,
B000099,S000228,C0112,1920,2026-08-09,2026-09-01,3,Holi,950,0.94,Show Area Average (Value Reassurance),Area Average Shown (Value Reassurance) — no upsell pitched,0,No,2679,Completed,,
B000100,S000242,C0117,2093,2026-06-27,2026-07-21,4,Regular,2600,1.0,Hide Average — Show Premium Upsell Nudge,Add private parking + home-cooked meals for ₹500,500,No,10400,Completed,,
B000101,S000243,C0117,1798,2026-07-02,2026-08-31,5,Regular,1650,1.0,Show Area Average (Value Reassurance),Area Average Shown (Value Reassurance) — no upsell pitched,0,No,8250,Completed,,
B000102,S000244,C0117,613,2026-08-08,2026-10-03,4,Valentine,1950,1.26,Hide Average — Show Premium Upsell Nudge,Add bonfire & BBQ setup for ₹600,600,No,9828,Completed,,
B000103,S000245,C0118,2352,2026-02-15,2026-04-28,1,Wedding Season,2200,1.0,Show Area Average (Value Reassurance),Area Average Shown (Value Reassurance) — no upsell pitched,0,No,2200,Completed,,
B000104,S000248,C0119,101,2026-02-09,2026-03-01,2,Regular,2750,1.0,Show Area Average (Value Reassurance),Area Average Shown (Value Reassurance) — no upsell pitched,0,No,5500,Completed,,
B000105,S000253,C0121,2484,2026-03-15,2026-05-01,1,Regular,1950,1.0,Hide Average — Show Premium Upsell Nudge,Add private breakfast for ₹300,300,No,1950,Completed,,
B000106,S000256,C0123,2276,2026-07-19,2026-09-30,5,Regular,1400,1.0,Show Area Average (Value Reassurance),Area Average Shown (Value Reassurance) — no upsell pitched,0,No,7000,Cancelled,2026-09-11,Personal Emergency
B000107,S000258,C0124,408,2026-07-06,2026-08-02,3,Regular,1850,1.0,Hide Average — Show Premium Upsell Nudge,Add late checkout + welcome hamper for ₹400,400,No,5550,Completed,,
B000108,S000263,C0126,3244,2026-01-06,2026-01-25,2,Long Weekend,2175,1.83,Show Area Average (Value Reassurance),Area Average Shown (Value Reassurance) — no upsell pitched,0,No,7960,Completed,,
B000109,S000264,C0126,3563,2026-04-21,2026-06-10,1,Regular,3180,1.0,Hide Average — Show Premium Upsell Nudge,Add private breakfast for ₹300,300,Yes,3480,Completed,,
B000110,S000265,C0127,3771,2026-08-29,2026-11-07,1,Regular,7161,1.0,Hide Average — Show Premium Upsell Nudge,Add airport/station pickup for ₹500,500,No,7161,Completed,,
B000111,S000267,C0129,2652,2026-01-14,2026-03-12,5,Long Weekend,2610,1.31,Show Area Average (Value Reassurance),Area Average Shown (Value Reassurance) — no upsell pitched,0,No,17095,Completed,,
B000112,S000274,C0132,1190,2026-09-26,2026-11-17,1,Regular,4000,1.0,Hide Average — Show Premium Upsell Nudge,Add airport/station pickup for ₹500,500,Yes,4500,Completed,,
B000113,S000275,C0133,3554,2026-08-23,2026-09-01,1,Wedding Season,1044,0.99,Show Area Average (Value Reassurance),Area Average Shown (Value Reassurance) — no upsell pitched,0,No,1033,Completed,,
B000114,S000276,C0134,1636,2026-01-06,2026-02-11,1,Wedding Season,2600,1.04,Hide Average — Show Premium Upsell Nudge,Add airport/station pickup for ₹500,500,No,2704,Completed,,
B000115,S000277,C0135,2988,2026-09-21,2026-11-18,3,Regular,2276,1.0,Show Area Average (Value Reassurance),Area Average Shown (Value Reassurance) — no upsell pitched,0,No,6828,Completed,,
B000116,S000278,C0135,355,2026-06-24,2026-07-24,3,Valentine,1500,1.06,Show Area Average (Value Reassurance),Area Average Shown (Value Reassurance) — no upsell pitched,0,No,4770,Completed,,
B000117,S000279,C0136,3642,2026-08-20,2026-08-21,4,New Year,2294,2.38,Hide Average — Show Premium Upsell Nudge,Add airport/station pickup for ₹500,500,No,21836,Completed,,
B000118,S000280,C0136,3671,2026-07-13,2026-08-10,2,Holi,1790,0.92,Hide Average — Show Premium Upsell Nudge,Add bonfire & BBQ setup for ₹600,600,No,3292,Cancelled,2026-07-13,Change of Plans
B000119,S000282,C0137,1866,2026-08-08,2026-10-02,4,Regular,1850,1.0,Show Area Average (Value Reassurance),Area Average Shown (Value Reassurance) — no upsell pitched,0,No,7400,Completed,,
B000120,S000283,C0137,758,2026-01-16,2026-03-17,5,Regular,4000,1.0,Hide Average — Show Premium Upsell Nudge,Add private breakfast for ₹300,300,Yes,21500,Completed,,
B000121,S000286,C0138,3222,2026-07-25,2026-08-11,1,New Year,3156,1.97,Hide Average — Show Premium Upsell Nudge,Add bonfire & BBQ setup for ₹600,600,No,6217,Completed,,
B000122,S000292,C0142,2308,2026-09-15,2026-11-03,4,Long Weekend,2050,1.03,Hide Average — Show Premium Upsell Nudge,Add private parking + home-cooked meals for ₹500,500,No,8444,Completed,,
B000123,S000294,C0143,3580,2026-04-17,2026-06-10,2,Wedding Season,1601,1.03,Show Area Average (Value Reassurance),Area Average Shown (Value Reassurance) — no upsell pitched,0,No,3298,Completed,,
B000124,S000296,C0144,546,2026-05-11,2026-05-16,2,Valentine,2100,1.07,Show Area Average (Value Reassurance),Area Average Shown (Value Reassurance) — no upsell pitched,0,No,4494,Completed,,
B000125,S000297,C0145,2796,2026-01-16,2026-03-14,2,Regular,3963,1.0,Show Area Average (Value Reassurance),Area Average Shown (Value Reassurance) — no upsell pitched,0,No,7926,Completed,,
B000126,S000306,C0148,909,2026-05-21,2026-05-26,3,Regular,1700,1.0,Show Area Average (Value Reassurance),Area Average Shown (Value Reassurance) — no upsell pitched,0,No,5100,Completed,,
B000127,S000308,C0149,3328,2026-01-18,2026-02-13,3,Summer Vacation,5730,1.84,Show Area Average (Value Reassurance),Area Average Shown (Value Reassurance) — no upsell pitched,0,No,31629,Completed,,
B000128,S000309,C0149,164,2026-08-13,2026-08-19,1,Summer Vacation,2450,0.85,Hide Average — Show Premium Upsell Nudge,Add couple decor setup for ₹700,700,No,2082,Completed,,
B000129,S000310,C0149,2725,2026-08-25,2026-11-04,2,Summer Vacation,2599,1.05,Show Area Average (Value Reassurance),Area Average Shown (Value Reassurance) — no upsell pitched,0,No,5456,Completed,,
B000130,S000311,C0150,3239,2026-05-12,2026-06-24,4,Regular,1865,1.0,Hide Average — Show Premium Upsell Nudge,Add private breakfast for ₹300,300,No,7460,Completed,,
B000131,S000312,C0150,3449,2026-05-09,2026-06-04,4,Regular,1716,1.0,Hide Average — Show Premium Upsell Nudge,Add private parking + home-cooked meals for ₹500,500,No,6864,Completed,,
B000132,S000316,C0153,2937,2026-03-21,2026-04-05,2,Regular,2627,1.0,Show Area Average (Value Reassurance),Area Average Shown (Value Reassurance) — no upsell pitched,0,No,5254,Completed,,
B000133,S000319,C0155,3657,2026-09-17,2026-09-18,2,New Year,1551,2.33,Show Area Average (Value Reassurance),Area Average Shown (Value Reassurance) — no upsell pitched,0,No,7226,Completed,,
B000134,S000320,C0155,3737,2026-03-24,2026-05-06,1,Regular,1764,1.0,Hide Average — Show Premium Upsell Nudge,Add private breakfast for ₹300,300,No,1764,Completed,,
B000135,S000325,C0157,3607,2026-05-20,2026-07-18,1,Long Weekend,2264,1.77,Show Area Average (Value Reassurance),Area Average Shown (Value Reassurance) — no upsell pitched,0,No,4007,Completed,,
B000136,S000329,C0160,3891,2026-05-27,2026-08-05,1,Valentine,3585,1.08,Show Area Average (Value Reassurance),Area Average Shown (Value Reassurance) — no upsell pitched,0,No,3871,Completed,,
B000137,S000330,C0160,3802,2026-09-15,2026-11-05,2,Diwali,1294,1.96,Show Area Average (Value Reassurance),Area Average Shown (Value Reassurance) — no upsell pitched,0,No,5072,Completed,,
B000138,S000332,C0161,1496,2026-01-23,2026-03-16,2,Long Weekend,2100,1.08,Hide Average — Show Premium Upsell Nudge,Add airport/station pickup for ₹500,500,No,4536,Completed,,
B000139,S000341,C0165,2663,2026-04-01,2026-06-06,2,Long Weekend,1371,1.3,Show Area Average (Value Reassurance),Area Average Shown (Value Reassurance) — no upsell pitched,0,No,3564,Completed,,
B000140,S000344,C0166,3257,2026-06-24,2026-08-02,2,New Year,3066,2.32,Hide Average — Show Premium Upsell Nudge,Add private parking + home-cooked meals for ₹500,500,Yes,15226,Completed,,
B000141,S000348,C0168,2560,2026-08-15,2026-09-12,2,Summer Vacation,2722,1.18,Show Area Average (Value Reassurance),Area Average Shown (Value Reassurance) — no upsell pitched,0,No,6422,Completed,,
B000142,S000349,C0168,270,2026-04-03,2026-04-28,1,Regular,2550,1.0,Show Area Average (Value Reassurance),Area Average Shown (Value Reassurance) — no upsell pitched,0,No,2550,Completed,,
B000143,S000351,C0169,3682,2026-01-12,2026-02-12,3,Wedding Season,1874,1.04,Hide Average — Show Premium Upsell Nudge,Add private breakfast for ₹300,300,No,5844,Completed,,
B000144,S000355,C0170,3193,2026-02-23,2026-03-29,1,Regular,1901,1.0,Show Area Average (Value Reassurance),Area Average Shown (Value Reassurance) — no upsell pitched,0,No,1901,Completed,,
B000145,S000356,C0170,3212,2026-03-21,2026-04-21,5,Regular,6772,1.0,Hide Average — Show Premium Upsell Nudge,Add private breakfast for ₹300,300,No,33860,Completed,,
B000146,S000360,C0172,3682,2026-03-20,2026-05-23,5,Regular,1874,1.0,Hide Average — Show Premium Upsell Nudge,Add private breakfast for ₹300,300,No,9370,Completed,,
B000147,S000362,C0173,3293,2026-06-24,2026-07-07,4,Regular,3375,1.0,Show Area Average (Value Reassurance),Area Average Shown (Value Reassurance) — no upsell pitched,0,No,13500,Completed,,
B000148,S000364,C0174,3103,2026-01-09,2026-02-11,2,Regular,2558,1.0,Show Area Average (Value Reassurance),Area Average Shown (Value Reassurance) — no upsell pitched,0,No,5116,Completed,,
B000149,S000366,C0175,2717,2026-07-27,2026-08-20,2,Summer Vacation,2191,1.2,Show Area Average (Value Reassurance),Area Average Shown (Value Reassurance) — no upsell pitched,0,No,5258,Completed,,
B000150,S000369,C0176,1023,2026-09-05,2026-11-01,3,Regular,1750,1.0,Show Area Average (Value Reassurance),Area Average Shown (Value Reassurance) — no upsell pitched,0,No,5250,Completed,,
B000151,S000370,C0176,1383,2026-07-18,2026-08-01,3,Long Weekend,2200,1.05,Hide Average — Show Premium Upsell Nudge,Add late checkout + welcome hamper for ₹400,400,Yes,8130,Cancelled,2026-07-20,Personal Emergency
B000152,S000371,C0177,3573,2026-02-18,2026-04-11,1,Long Weekend,2429,1.87,Show Area Average (Value Reassurance),Area Average Shown (Value Reassurance) — no upsell pitched,0,No,4542,Cancelled,2026-04-07,Change of Plans
B000153,S000372,C0177,3495,2026-01-28,2026-02-11,5,Valentine,1946,1.1,Hide Average — Show Premium Upsell Nudge,Add private breakfast for ₹300,300,No,10700,Completed,,
B000154,S000373,C0178,2541,2026-05-21,2026-05-25,2,Diwali,10470,1.69,Hide Average — Show Premium Upsell Nudge,Add airport/station pickup for ₹500,500,No,35388,Completed,,
B000155,S000374,C0178,2718,2026-05-08,2026-07-11,2,Regular,10059,1.0,Hide Average — Show Premium Upsell Nudge,Add airport/station pickup for ₹500,500,No,20118,Completed,,
B000156,S000375,C0179,270,2026-04-04,2026-04-26,3,Regular,2550,1.0,Show Area Average (Value Reassurance),Area Average Shown (Value Reassurance) — no upsell pitched,0,No,7650,Completed,,
B000157,S000382,C0182,2589,2026-05-20,2026-07-24,4,Valentine,1683,1.01,Show Area Average (Value Reassurance),Area Average Shown (Value Reassurance) — no upsell pitched,0,No,6796,Completed,,
B000158,S000383,C0183,2542,2026-02-22,2026-04-19,1,New Year,1393,1.67,Show Area Average (Value Reassurance),Area Average Shown (Value Reassurance) — no upsell pitched,0,No,2326,Completed,,
B000159,S000385,C0184,2625,2026-07-24,2026-09-16,1,Regular,2337,1.0,Show Area Average (Value Reassurance),Area Average Shown (Value Reassurance) — no upsell pitched,0,No,2337,Completed,,
B000160,S000386,C0185,2864,2026-01-17,2026-03-11,1,Regular,1391,1.0,Show Area Average (Value Reassurance),Area Average Shown (Value Reassurance) — no upsell pitched,0,No,1391,Completed,,
B000161,S000393,C0189,3066,2026-04-06,2026-04-26,1,Regular,2657,1.0,Show Area Average (Value Reassurance),Area Average Shown (Value Reassurance) — no upsell pitched,0,No,2657,Completed,,
B000162,S000399,C0191,2000,2026-01-11,2026-02-28,2,Long Weekend,1950,1.04,Show Area Average (Value Reassurance),Area Average Shown (Value Reassurance) — no upsell pitched,0,No,4056,Completed,,
B000163,S000400,C0192,2182,2026-08-08,2026-09-19,3,Valentine,1700,1.06,Show Area Average (Value Reassurance),Area Average Shown (Value Reassurance) — no upsell pitched,0,No,5406,Completed,,
B000164,S000402,C0192,1441,2026-08-30,2026-11-02,1,Regular,2450,1.0,Hide Average — Show Premium Upsell Nudge,Add bonfire & BBQ setup for ₹600,600,No,2450,Completed,,
B000165,S000403,C0193,1084,2026-04-11,2026-04-12,5,Regular,2300,1.0,Show Area Average (Value Reassurance),Area Average Shown (Value Reassurance) — no upsell pitched,0,No,11500,Completed,,
B000166,S000405,C0194,3551,2026-09-05,2026-10-03,3,Long Weekend,2096,1.9,Show Area Average (Value Reassurance),Area Average Shown (Value Reassurance) — no upsell pitched,0,No,11946,Completed,,
B000167,S000413,C0199,2589,2026-05-12,2026-06-18,4,Regular,1683,1.0,Show Area Average (Value Reassurance),Area Average Shown (Value Reassurance) — no upsell pitched,0,No,6732,Completed,,
B000168,S000414,C0200,1395,2026-07-03,2026-07-31,2,Diwali,2700,1.19,Show Area Average (Value Reassurance),Area Average Shown (Value Reassurance) — no upsell pitched,0,No,6426,Completed,,
B000169,S000415,C0201,3468,2026-08-28,2026-10-05,1,Long Weekend,1501,2.06,Show Area Average (Value Reassurance),Area Average Shown (Value Reassurance) — no upsell pitched,0,No,3092,Completed,,
B000170,S000417,C0201,2666,2026-04-12,2026-05-06,1,Summer Vacation,2034,1.15,Hide Average — Show Premium Upsell Nudge,Add airport/station pickup for ₹500,500,No,2339,Completed,,
B000171,S000418,C0202,3783,2026-06-13,2026-07-29,1,Regular,1064,1.0,Show Area Average (Value Reassurance),Area Average Shown (Value Reassurance) — no upsell pitched,0,No,1064,Cancelled,2026-06-14,Found Cheaper Option
B000172,S000420,C0203,686,2026-07-31,2026-09-28,5,New Year,1350,1.35,Show Area Average (Value Reassurance),Area Average Shown (Value Reassurance) — no upsell pitched,0,No,9110,Cancelled,2026-08-29,Change of Plans
B000173,S000430,C0208,3008,2026-08-27,2026-10-19,2,Wedding Season,2267,1.12,Show Area Average (Value Reassurance),Area Average Shown (Value Reassurance) — no upsell pitched,0,No,5078,Completed,,
B000174,S000435,C0211,3475,2026-09-22,2026-10-28,3,Long Weekend,1787,2.08,Hide Average — Show Premium Upsell Nudge,Add late checkout + welcome hamper for ₹400,400,No,11148,Completed,,
B000175,S000437,C0212,3898,2026-09-19,2026-10-18,4,Regular,1527,1.0,Show Area Average (Value Reassurance),Area Average Shown (Value Reassurance) — no upsell pitched,0,No,6108,Cancelled,2026-09-19,Change of Plans
B000176,S000438,C0212,3657,2026-05-03,2026-06-24,4,Long Weekend,1551,1.79,Show Area Average (Value Reassurance),Area Average Shown (Value Reassurance) — no upsell pitched,0,No,11104,Completed,,
B000177,S000440,C0213,2631,2026-08-11,2026-09-09,2,Diwali,3658,1.89,Show Area Average (Value Reassurance),Area Average Shown (Value Reassurance) — no upsell pitched,0,No,13826,Completed,,
B000178,S000444,C0214,1658,2026-09-14,2026-10-10,3,Regular,1700,1.0,Hide Average — Show Premium Upsell Nudge,Add private breakfast for ₹300,300,Yes,6000,Cancelled,2026-10-01,Change of Plans
B000179,S000445,C0214,2023,2026-04-01,2026-06-14,2,Wedding Season,1900,1.17,Hide Average — Show Premium Upsell Nudge,Add bonfire & BBQ setup for ₹600,600,No,4446,Cancelled,2026-04-12,Found Cheaper Option
B000180,S000448,C0215,3592,2026-02-15,2026-03-26,1,Regular,5813,1.0,Hide Average — Show Premium Upsell Nudge,Add airport/station pickup for ₹500,500,No,5813,Completed,,
B000181,S000449,C0215,3445,2026-07-22,2026-09-03,5,Long Weekend,3324,2.05,Hide Average — Show Premium Upsell Nudge,Add private breakfast for ₹300,300,No,34070,Cancelled,2026-08-23,Change of Plans
B000182,S000450,C0216,42,2026-08-27,2026-11-07,4,Regular,2500,1.0,Show Area Average (Value Reassurance),Area Average Shown (Value Reassurance) — no upsell pitched,0,No,10000,Completed,,
B000183,S000457,C0220,2852,2026-06-09,2026-06-30,1,Holi,2278,0.98,Show Area Average (Value Reassurance),Area Average Shown (Value Reassurance) — no upsell pitched,0,No,2232,Completed,,
B000184,S000461,C0222,362,2026-03-12,2026-03-13,2,Diwali,1650,1.14,Show Area Average (Value Reassurance),Area Average Shown (Value Reassurance) — no upsell pitched,0,No,3760,Completed,,
B000185,S000463,C0223,3480,2026-05-28,2026-07-03,3,New Year,1512,2.57,Show Area Average (Value Reassurance),Area Average Shown (Value Reassurance) — no upsell pitched,0,No,11655,Cancelled,2026-06-05,Change of Plans
B000186,S000466,C0225,938,2026-03-02,2026-05-13,3,Regular,2450,1.0,Hide Average — Show Premium Upsell Nudge,Add private breakfast for ₹300,300,No,7350,Completed,,
B000187,S000467,C0226,1562,2026-06-10,2026-07-11,2,Regular,1750,1.0,Show Area Average (Value Reassurance),Area Average Shown (Value Reassurance) — no upsell pitched,0,No,3500,Completed,,
B000188,S000469,C0227,3174,2026-05-24,2026-07-15,4,Summer Vacation,2231,1.15,Show Area Average (Value Reassurance),Area Average Shown (Value Reassurance) — no upsell pitched,0,No,10260,Cancelled,2026-07-14,Personal Emergency
B000189,S000471,C0229,1849,2026-09-09,2026-09-15,5,Long Weekend,1600,1.12,Show Area Average (Value Reassurance),Area Average Shown (Value Reassurance) — no upsell pitched,0,No,8960,Completed,,
B000190,S000473,C0230,956,2026-04-04,2026-06-16,3,Long Weekend,2100,1.03,Show Area Average (Value Reassurance),Area Average Shown (Value Reassurance) — no upsell pitched,0,No,6489,Completed,,
B000191,S000477,C0232,486,2026-07-08,2026-08-24,1,Regular,4000,1.0,Hide Average — Show Premium Upsell Nudge,Add bonfire & BBQ setup for ₹600,600,No,4000,Completed,,
B000192,S000482,C0234,2947,2026-08-12,2026-09-22,3,Regular,4334,1.0,Hide Average — Show Premium Upsell Nudge,Add airport/station pickup for ₹500,500,Yes,14502,Completed,,
B000193,S000483,C0235,3220,2026-01-19,2026-03-02,3,Regular,2401,1.0,Hide Average — Show Premium Upsell Nudge,Add private breakfast for ₹300,300,No,7203,Completed,,
B000194,S000484,C0235,2997,2026-05-24,2026-07-29,5,Regular,12346,1.0,Hide Average — Show Premium Upsell Nudge,Add private breakfast for ₹300,300,No,61730,Completed,,
B000195,S000486,C0236,2762,2026-05-22,2026-06-15,1,Summer Vacation,2482,1.07,Show Area Average (Value Reassurance),Area Average Shown (Value Reassurance) — no upsell pitched,0,No,2655,Completed,,
B000196,S000487,C0236,3069,2026-09-18,2026-09-22,2,Summer Vacation,1926,1.13,Show Area Average (Value Reassurance),Area Average Shown (Value Reassurance) — no upsell pitched,0,No,4352,Completed,,
B000197,S000491,C0238,3536,2026-01-13,2026-02-07,2,Holi,1382,0.95,Show Area Average (Value Reassurance),Area Average Shown (Value Reassurance) — no upsell pitched,0,No,2624,Completed,,
B000198,S000492,C0239,2615,2026-09-06,2026-09-07,1,Summer Vacation,1250,1.17,Show Area Average (Value Reassurance),Area Average Shown (Value Reassurance) — no upsell pitched,0,No,1462,Completed,,
B000199,S000495,C0241,867,2026-05-12,2026-05-13,2,Regular,3100,1.0,Show Area Average (Value Reassurance),Area Average Shown (Value Reassurance) — no upsell pitched,0,No,6200,Completed,,
B000200,S000497,C0243,3389,2026-04-20,2026-06-01,2,New Year,3588,2.35,Hide Average — Show Premium Upsell Nudge,Add late checkout + welcome hamper for ₹400,400,No,16862,Completed,,
B000201,S000498,C0243,3600,2026-04-19,2026-04-22,3,Long Weekend,2122,1.69,Show Area Average (Value Reassurance),Area Average Shown (Value Reassurance) — no upsell pitched,0,No,10758,Completed,,
B000202,S000499,C0243,3453,2026-05-24,2026-06-29,2,New Year,1884,1.94,Show Area Average (Value Reassurance),Area Average Shown (Value Reassurance) — no upsell pitched,0,No,7308,Completed,,
B000203,S000505,C0247,3322,2026-06-16,2026-08-09,3,Long Weekend,2802,2.09,Hide Average — Show Premium Upsell Nudge,Add private breakfast for ₹300,300,No,17568,Completed,,
B000204,S000507,C0248,3408,2026-08-03,2026-10-13,3,New Year,3266,2.24,Hide Average — Show Premium Upsell Nudge,Add couple decor setup for ₹700,700,Yes,24045,Completed,,
B000205,S000509,C0248,3285,2026-02-07,2026-04-10,1,Summer Vacation,5497,1.83,Show Area Average (Value Reassurance),Area Average Shown (Value Reassurance) — no upsell pitched,0,No,10059,Completed,,
B000206,S000510,C0248,2134,2026-02-17,2026-02-27,4,Holi,3050,0.91,Show Area Average (Value Reassurance),Area Average Shown (Value Reassurance) — no upsell pitched,0,No,11100,Completed,,
B000207,S000512,C0249,1227,2026-02-17,2026-04-10,1,Regular,3500,1.0,Hide Average — Show Premium Upsell Nudge,Add airport/station pickup for ₹500,500,Yes,4000,Completed,,
B000208,S000514,C0250,3857,2026-07-29,2026-09-18,1,Diwali,1650,1.67,Hide Average — Show Premium Upsell Nudge,Add airport/station pickup for ₹500,500,No,2755,Completed,,
B000209,S000519,C0252,1518,2026-01-21,2026-04-05,2,Summer Vacation,2000,0.9,Show Area Average (Value Reassurance),Area Average Shown (Value Reassurance) — no upsell pitched,0,No,3600,Completed,,
B000210,S000521,C0253,2170,2026-09-15,2026-10-03,1,Long Weekend,2450,1.11,Hide Average — Show Premium Upsell Nudge,Add bonfire & BBQ setup for ₹600,600,No,2719,Cancelled,2026-09-29,Found Cheaper Option
B000211,S000525,C0254,1238,2026-04-27,2026-06-18,5,New Year,2650,1.38,Show Area Average (Value Reassurance),Area Average Shown (Value Reassurance) — no upsell pitched,0,No,18280,Completed,,
B000212,S000526,C0254,3562,2026-09-03,2026-10-31,2,Long Weekend,1469,1.71,Show Area Average (Value Reassurance),Area Average Shown (Value Reassurance) — no upsell pitched,0,No,5022,Cancelled,2026-09-06,Found Cheaper Option
B000213,S000528,C0256,2869,2026-01-24,2026-01-31,2,Regular,1245,1.0,Show Area Average (Value Reassurance),Area Average Shown (Value Reassurance) — no upsell pitched,0,No,2490,Completed,,
B000214,S000536,C0258,423,2026-06-24,2026-07-12,2,Diwali,1850,1.18,Show Area Average (Value Reassurance),Area Average Shown (Value Reassurance) — no upsell pitched,0,No,4366,Completed,,
B000215,S000540,C0259,26,2026-07-14,2026-09-08,1,Valentine,3350,1.09,Show Area Average (Value Reassurance),Area Average Shown (Value Reassurance) — no upsell pitched,0,No,3651,Cancelled,2026-07-18,Change of Plans
B000216,S000542,C0260,1,2026-04-23,2026-07-03,2,Long Weekend,2100,1.08,Hide Average — Show Premium Upsell Nudge,Add late checkout + welcome hamper for ₹400,400,No,4536,Completed,,
B000217,S000543,C0260,2571,2026-02-25,2026-03-23,3,Regular,3469,1.0,Show Area Average (Value Reassurance),Area Average Shown (Value Reassurance) — no upsell pitched,0,No,10407,Completed,,
B000218,S000545,C0261,3546,2026-01-07,2026-02-08,2,Diwali,2262,1.66,Hide Average — Show Premium Upsell Nudge,Add late checkout + welcome hamper for ₹400,400,No,7508,Completed,,
B000219,S000552,C0265,1524,2026-05-04,2026-05-16,2,Holi,3550,0.92,Hide Average — Show Premium Upsell Nudge,Add late checkout + welcome hamper for ₹400,400,No,6532,Completed,,
B000220,S000555,C0266,2308,2026-04-14,2026-06-26,1,Wedding Season,2050,1.03,Hide Average — Show Premium Upsell Nudge,Add private parking + home-cooked meals for ₹500,500,Yes,2611,Completed,,
B000221,S000556,C0267,2584,2026-06-26,2026-08-20,1,Wedding Season,11892,1.55,Hide Average — Show Premium Upsell Nudge,Add airport/station pickup for ₹500,500,No,18432,Completed,,
B000222,S000557,C0268,3884,2026-08-23,2026-09-26,5,Regular,2519,1.0,Show Area Average (Value Reassurance),Area Average Shown (Value Reassurance) — no upsell pitched,0,No,12595,Cancelled,2026-09-06,Found Cheaper Option
B000223,S000561,C0269,3496,2026-02-27,2026-05-03,1,Regular,2874,1.0,Hide Average — Show Premium Upsell Nudge,Add late checkout + welcome hamper for ₹400,400,No,2874,Cancelled,2026-04-08,Personal Emergency
B000224,S000565,C0273,3232,2026-02-01,2026-04-03,5,Regular,1364,1.0,Show Area Average (Value Reassurance),Area Average Shown (Value Reassurance) — no upsell pitched,0,No,6820,Cancelled,2026-03-10,Change of Plans
B000225,S000569,C0276,2595,2026-08-07,2026-08-08,4,Valentine,3810,1.26,Show Area Average (Value Reassurance),Area Average Shown (Value Reassurance) — no upsell pitched,0,No,19200,Completed,,
B000226,S000570,C0276,2599,2026-01-03,2026-01-21,2,Diwali,3729,1.44,Hide Average — Show Premium Upsell Nudge,Add bonfire & BBQ setup for ₹600,600,Yes,11938,Completed,,
B000227,S000571,C0276,2571,2026-09-26,2026-10-05,2,Diwali,3469,1.6,Show Area Average (Value Reassurance),Area Average Shown (Value Reassurance) — no upsell pitched,0,No,11100,Completed,,
B000228,S000573,C0278,2813,2026-08-23,2026-10-06,1,Regular,2652,1.0,Show Area Average (Value Reassurance),Area Average Shown (Value Reassurance) — no upsell pitched,0,No,2652,Completed,,
B000229,S000579,C0281,2896,2026-05-19,2026-07-26,5,Regular,1120,1.0,Show Area Average (Value Reassurance),Area Average Shown (Value Reassurance) — no upsell pitched,0,No,5600,Completed,,
B000230,S000582,C0282,2806,2026-05-14,2026-05-22,1,Summer Vacation,978,1.06,Show Area Average (Value Reassurance),Area Average Shown (Value Reassurance) — no upsell pitched,0,No,1036,Completed,,
B000231,S000583,C0283,3597,2026-02-14,2026-03-23,5,Regular,7028,1.0,Hide Average — Show Premium Upsell Nudge,Add bonfire & BBQ setup for ₹600,600,No,35140,Completed,,
B000232,S000584,C0283,3240,2026-06-13,2026-07-30,5,Long Weekend,5240,1.79,Show Area Average (Value Reassurance),Area Average Shown (Value Reassurance) — no upsell pitched,0,No,46895,Completed,,
B000233,S000585,C0284,2953,2026-08-08,2026-10-18,3,Long Weekend,3520,1.4,Hide Average — Show Premium Upsell Nudge,Add bonfire & BBQ setup for ₹600,600,Yes,16584,Completed,,
B000234,S000586,C0285,3835,2026-03-20,2026-05-27,2,Valentine,3140,1.44,Hide Average — Show Premium Upsell Nudge,Add private parking + home-cooked meals for ₹500,500,No,9042,Completed,,
B000235,S000588,C0285,2624,2026-04-20,2026-05-16,1,Summer Vacation,6418,1.24,Hide Average — Show Premium Upsell Nudge,Add private breakfast for ₹300,300,No,7958,Completed,,
B000236,S000590,C0286,2624,2026-01-28,2026-04-01,1,Regular,6418,1.0,Hide Average — Show Premium Upsell Nudge,Add private breakfast for ₹300,300,No,6418,Cancelled,2026-03-24,Personal Emergency
B000237,S000591,C0286,2834,2026-01-17,2026-02-10,4,Holi,3565,0.99,Hide Average — Show Premium Upsell Nudge,Add private parking + home-cooked meals for ₹500,500,Yes,16116,Cancelled,2026-01-20,Found Cheaper Option
B000238,S000593,C0287,3052,2026-06-17,2026-07-17,3,Long Weekend,1691,1.35,Show Area Average (Value Reassurance),Area Average Shown (Value Reassurance) — no upsell pitched,0,No,6846,Completed,,
B000239,S000594,C0288,604,2026-03-01,2026-03-06,2,Summer Vacation,2000,0.93,Hide Average — Show Premium Upsell Nudge,Add airport/station pickup for ₹500,500,No,3720,Completed,,
B000240,S000595,C0288,735,2026-05-24,2026-07-15,5,Regular,1150,1.0,Show Area Average (Value Reassurance),Area Average Shown (Value Reassurance) — no upsell pitched,0,No,5750,Cancelled,2026-05-31,Change of Plans
B000241,S000598,C0289,1605,2026-01-17,2026-03-11,5,Regular,1550,1.0,Show Area Average (Value Reassurance),Area Average Shown (Value Reassurance) — no upsell pitched,0,No,7750,Completed,,
B000242,S000600,C0290,593,2026-07-11,2026-08-01,3,Summer Vacation,2450,0.96,Show Area Average (Value Reassurance),Area Average Shown (Value Reassurance) — no upsell pitched,0,No,7056,Completed,,
B000243,S000601,C0290,349,2026-06-07,2026-07-09,2,Regular,4000,1.0,Hide Average — Show Premium Upsell Nudge,Add private breakfast for ₹300,300,No,8000,Cancelled,2026-07-08,Personal Emergency
B000244,S000603,C0291,3745,2026-07-11,2026-09-17,1,Regular,2684,1.0,Show Area Average (Value Reassurance),Area Average Shown (Value Reassurance) — no upsell pitched,0,No,2684,Completed,,
B000245,S000605,C0292,565,2026-05-20,2026-05-23,1,Wedding Season,3400,1.09,Hide Average — Show Premium Upsell Nudge,Add airport/station pickup for ₹500,500,No,3706,Completed,,
B000246,S000608,C0294,3578,2026-08-01,2026-08-05,2,Regular,3091,1.0,Show Area Average (Value Reassurance),Area Average Shown (Value Reassurance) — no upsell pitched,0,No,6182,Completed,,
B000247,S000611,C0296,3092,2026-07-09,2026-07-10,1,Regular,3746,1.0,Hide Average — Show Premium Upsell Nudge,Add late checkout + welcome hamper for ₹400,400,No,3746,Completed,,
B000248,S000616,C0298,2222,2026-02-04,2026-02-18,2,Regular,1750,1.0,Hide Average — Show Premium Upsell Nudge,Add private breakfast for ₹300,300,No,3500,Completed,,
B000249,S000617,C0299,710,2026-05-12,2026-07-03,4,Regular,2100,1.0,Hide Average — Show Premium Upsell Nudge,Add private breakfast for ₹300,300,No,8400,Completed,,
B000250,S000622,C0301,898,2026-02-26,2026-03-08,3,Regular,2400,1.0,Hide Average — Show Premium Upsell Nudge,Add airport/station pickup for ₹500,500,Yes,8700,Completed,,
B000251,S000627,C0304,3446,2026-01-25,2026-03-14,1,Valentine,2581,1.68,Hide Average — Show Premium Upsell Nudge,Add couple decor setup for ₹700,700,No,4336,Completed,,
B000252,S000629,C0305,2776,2026-01-01,2026-02-07,1,New Year,3941,1.55,Show Area Average (Value Reassurance),Area Average Shown (Value Reassurance) — no upsell pitched,0,No,6108,Completed,,
B000253,S000638,C0309,2893,2026-04-27,2026-06-12,4,Regular,2156,1.0,Show Area Average (Value Reassurance),Area Average Shown (Value Reassurance) — no upsell pitched,0,No,8624,Completed,,
B000254,S000641,C0310,3620,2026-09-08,2026-10-03,2,Regular,2156,1.0,Show Area Average (Value Reassurance),Area Average Shown (Value Reassurance) — no upsell pitched,0,No,4312,Completed,,
B000255,S000642,C0310,3503,2026-08-24,2026-09-27,3,Valentine,2494,1.64,Hide Average — Show Premium Upsell Nudge,Add bonfire & BBQ setup for ₹600,600,No,12270,Cancelled,2026-09-15,Weather Concern
B000256,S000643,C0311,1702,2026-02-22,2026-03-16,2,Summer Vacation,2750,0.92,Show Area Average (Value Reassurance),Area Average Shown (Value Reassurance) — no upsell pitched,0,No,5060,Cancelled,2026-03-09,Found Cheaper Option
B000257,S000645,C0313,3239,2026-06-15,2026-08-23,3,Summer Vacation,1865,1.68,Hide Average — Show Premium Upsell Nudge,Add private breakfast for ₹300,300,No,9399,Cancelled,2026-06-30,Weather Concern
B000258,S000648,C0315,3724,2026-01-03,2026-02-23,4,Regular,1042,1.0,Show Area Average (Value Reassurance),Area Average Shown (Value Reassurance) — no upsell pitched,0,No,4168,Completed,,
B000259,S000650,C0316,659,2026-08-04,2026-09-09,2,Summer Vacation,3350,0.94,Hide Average — Show Premium Upsell Nudge,Add couple decor setup for ₹700,700,No,6298,Completed,,
B000260,S000651,C0317,1332,2026-09-10,2026-10-29,2,New Year,1600,1.31,Show Area Average (Value Reassurance),Area Average Shown (Value Reassurance) — no upsell pitched,0,No,4192,Completed,,
B000261,S000652,C0317,694,2026-08-20,2026-09-01,1,Summer Vacation,2100,0.85,Hide Average — Show Premium Upsell Nudge,Add late checkout + welcome hamper for ₹400,400,No,1785,Completed,,
B000262,S000653,C0318,3690,2026-09-17,2026-10-24,1,Long Weekend,1304,1.61,Show Area Average (Value Reassurance),Area Average Shown (Value Reassurance) — no upsell pitched,0,No,2099,Completed,,
B000263,S000655,C0318,3873,2026-04-13,2026-05-17,2,New Year,1373,1.98,Show Area Average (Value Reassurance),Area Average Shown (Value Reassurance) — no upsell pitched,0,No,5436,Completed,,
B000264,S000659,C0320,2966,2026-05-13,2026-07-01,2,Regular,2130,1.0,Show Area Average (Value Reassurance),Area Average Shown (Value Reassurance) — no upsell pitched,0,No,4260,Completed,,
B000265,S000663,C0323,2282,2026-07-01,2026-08-16,1,Diwali,2400,1.27,Show Area Average (Value Reassurance),Area Average Shown (Value Reassurance) — no upsell pitched,0,No,3048,Cancelled,2026-07-28,Change of Plans
B000266,S000665,C0323,7,2026-01-22,2026-02-16,2,Holi,3750,0.96,Hide Average — Show Premium Upsell Nudge,Add bonfire & BBQ setup for ₹600,600,No,7200,Cancelled,2026-02-04,Found Cheaper Option
B000267,S000667,C0325,2507,2026-09-14,2026-11-11,3,Long Weekend,2399,1.28,Show Area Average (Value Reassurance),Area Average Shown (Value Reassurance) — no upsell pitched,0,No,9210,Completed,,
B000268,S000669,C0326,2845,2026-01-15,2026-01-22,1,Regular,1887,1.0,Show Area Average (Value Reassurance),Area Average Shown (Value Reassurance) — no upsell pitched,0,No,1887,Completed,,
B000269,S000671,C0327,695,2026-06-09,2026-08-21,5,Regular,2800,1.0,Show Area Average (Value Reassurance),Area Average Shown (Value Reassurance) — no upsell pitched,0,No,14000,Completed,,
B000270,S000676,C0328,1072,2026-09-21,2026-10-27,3,Valentine,1900,1.43,Show Area Average (Value Reassurance),Area Average Shown (Value Reassurance) — no upsell pitched,0,No,8151,Completed,,
B000271,S000677,C0329,2018,2026-09-07,2026-11-11,1,Long Weekend,4000,1.13,Hide Average — Show Premium Upsell Nudge,Add airport/station pickup for ₹500,500,No,4520,Completed,,
B000272,S000679,C0329,3605,2026-01-06,2026-02-12,5,Regular,6545,1.0,Hide Average — Show Premium Upsell Nudge,Add airport/station pickup for ₹500,500,No,32725,Completed,,
B000273,S000680,C0329,3173,2026-04-01,2026-04-07,1,New Year,2688,1.61,Show Area Average (Value Reassurance),Area Average Shown (Value Reassurance) — no upsell pitched,0,No,4327,Completed,,
B000274,S000681,C0330,3496,2026-01-15,2026-02-18,2,Long Weekend,2874,1.77,Hide Average — Show Premium Upsell Nudge,Add late checkout + welcome hamper for ₹400,400,Yes,10972,Cancelled,2026-02-14,Found Cheaper Option
B000275,S000682,C0331,3754,2026-09-25,2026-11-25,3,Regular,6112,1.0,Hide Average — Show Premium Upsell Nudge,Add airport/station pickup for ₹500,500,No,18336,Cancelled,2026-09-26,Found Cheaper Option
B000276,S000690,C0334,2150,2026-02-12,2026-02-21,1,Regular,2050,1.0,Show Area Average (Value Reassurance),Area Average Shown (Value Reassurance) — no upsell pitched,0,No,2050,Completed,,
B000277,S000691,C0335,3143,2026-03-27,2026-05-10,3,Diwali,1075,1.32,Show Area Average (Value Reassurance),Area Average Shown (Value Reassurance) — no upsell pitched,0,No,4257,Completed,,
B000278,S000692,C0335,2549,2026-01-07,2026-03-14,3,Regular,1872,1.0,Show Area Average (Value Reassurance),Area Average Shown (Value Reassurance) — no upsell pitched,0,No,5616,Completed,,
B000279,S000695,C0336,660,2026-06-24,2026-08-18,3,Holi,2200,0.94,Hide Average — Show Premium Upsell Nudge,Add late checkout + welcome hamper for ₹400,400,No,6204,Completed,,
B000280,S000696,C0336,2713,2026-06-10,2026-08-15,4,Holi,3847,0.93,Hide Average — Show Premium Upsell Nudge,Add couple decor setup for ₹700,700,No,14308,Completed,,
B000281,S000698,C0337,1510,2026-03-20,2026-04-09,4,Holi,2850,0.99,Hide Average — Show Premium Upsell Nudge,Add couple decor setup for ₹700,700,No,11284,Completed,,
B000282,S000699,C0337,2569,2026-09-17,2026-11-26,3,Diwali,3870,1.61,Hide Average — Show Premium Upsell Nudge,Add couple decor setup for ₹700,700,No,18690,Completed,,
B000283,S000701,C0338,720,2026-03-20,2026-04-25,2,Regular,2550,1.0,Hide Average — Show Premium Upsell Nudge,Add private parking + home-cooked meals for ₹500,500,No,5100,Completed,,
B000284,S000702,C0338,3349,2026-01-06,2026-02-26,1,Regular,2143,1.0,Show Area Average (Value Reassurance),Area Average Shown (Value Reassurance) — no upsell pitched,0,No,2143,Completed,,
B000285,S000703,C0339,78,2026-09-05,2026-09-19,3,New Year,2850,1.35,Show Area Average (Value Reassurance),Area Average Shown (Value Reassurance) — no upsell pitched,0,No,11541,Completed,,
B000286,S000706,C0341,2732,2026-02-04,2026-04-06,4,Diwali,3862,1.37,Show Area Average (Value Reassurance),Area Average Shown (Value Reassurance) — no upsell pitched,0,No,21160,Completed,,
B000287,S000707,C0342,1663,2026-06-08,2026-08-11,2,Regular,4000,1.0,Hide Average — Show Premium Upsell Nudge,Add airport/station pickup for ₹500,500,Yes,9000,Completed,,
B000288,S000710,C0342,1559,2026-07-06,2026-07-21,4,Regular,2700,1.0,Hide Average — Show Premium Upsell Nudge,Add late checkout + welcome hamper for ₹400,400,Yes,12400,Completed,,
B000289,S000714,C0344,3262,2026-09-24,2026-11-30,3,Regular,2419,1.0,Hide Average — Show Premium Upsell Nudge,Add private parking + home-cooked meals for ₹500,500,No,7257,Cancelled,2026-10-29,Personal Emergency
B000290,S000715,C0344,1302,2026-02-07,2026-04-08,2,Regular,1900,1.0,Show Area Average (Value Reassurance),Area Average Shown (Value Reassurance) — no upsell pitched,0,No,3800,Completed,,
B000291,S000716,C0345,1082,2026-02-22,2026-04-25,5,Valentine,3050,1.02,Show Area Average (Value Reassurance),Area Average Shown (Value Reassurance) — no upsell pitched,0,No,15555,Completed,,
B000292,S000720,C0348,3626,2026-04-27,2026-05-25,1,Regular,3222,1.0,Hide Average — Show Premium Upsell Nudge,Add airport/station pickup for ₹500,500,No,3222,Completed,,
B000293,S000722,C0349,3438,2026-06-05,2026-06-22,4,Wedding Season,1462,1.02,Show Area Average (Value Reassurance),Area Average Shown (Value Reassurance) — no upsell pitched,0,No,5964,Completed,,
B000294,S000723,C0350,3825,2026-05-17,2026-06-01,1,Regular,3145,1.0,Show Area Average (Value Reassurance),Area Average Shown (Value Reassurance) — no upsell pitched,0,No,3145,Completed,,
B000295,S000724,C0350,3461,2026-07-24,2026-10-04,4,Regular,4028,1.0,Hide Average — Show Premium Upsell Nudge,Add private breakfast for ₹300,300,Yes,17312,Completed,,
B000296,S000727,C0352,3361,2026-04-08,2026-04-22,4,Regular,1839,1.0,Hide Average — Show Premium Upsell Nudge,Add private breakfast for ₹300,300,No,7356,Completed,,
B000297,S000728,C0353,3334,2026-01-23,2026-02-24,2,Long Weekend,900,1.82,Show Area Average (Value Reassurance),Area Average Shown (Value Reassurance) — no upsell pitched,0,No,3276,Cancelled,2026-01-26,Change of Plans
B000298,S000730,C0354,407,2026-07-31,2026-10-10,3,Valentine,2250,1.27,Hide Average — Show Premium Upsell Nudge,Add late checkout + welcome hamper for ₹400,400,Yes,9771,Completed,,
B000299,S000731,C0354,1753,2026-04-08,2026-04-26,2,Regular,4000,1.0,Hide Average — Show Premium Upsell Nudge,Add private parking + home-cooked meals for ₹500,500,No,8000,Completed,,
B000300,S000743,C0359,3831,2026-04-25,2026-06-15,4,Summer Vacation,5885,1.79,Hide Average — Show Premium Upsell Nudge,Add private parking + home-cooked meals for ₹500,500,No,42136,Completed,,
B000301,S000744,C0359,2643,2026-01-30,2026-03-21,1,Valentine,3315,1.35,Show Area Average (Value Reassurance),Area Average Shown (Value Reassurance) — no upsell pitched,0,No,4475,Completed,,
B000302,S000747,C0360,3100,2026-03-04,2026-03-23,2,Summer Vacation,16000,1.22,Hide Average — Show Premium Upsell Nudge,Add late checkout + welcome hamper for ₹400,400,No,39040,Completed,,
B000303,S000748,C0360,2896,2026-05-10,2026-06-27,2,Regular,1120,1.0,Show Area Average (Value Reassurance),Area Average Shown (Value Reassurance) — no upsell pitched,0,No,2240,Completed,,
B000304,S000750,C0361,1209,2026-03-04,2026-04-15,1,Diwali,2050,1.17,Hide Average — Show Premium Upsell Nudge,Add private parking + home-cooked meals for ₹500,500,No,2398,Completed,,
B000305,S000751,C0362,2892,2026-01-15,2026-02-08,2,Regular,2071,1.0,Show Area Average (Value Reassurance),Area Average Shown (Value Reassurance) — no upsell pitched,0,No,4142,Cancelled,2026-01-19,Change of Plans
B000306,S000753,C0363,3283,2026-03-29,2026-05-20,3,New Year,2948,2.3,Hide Average — Show Premium Upsell Nudge,Add private parking + home-cooked meals for ₹500,500,No,20340,Cancelled,2026-05-03,Weather Concern
B000307,S000757,C0366,690,2026-02-09,2026-04-21,2,Regular,3400,1.0,Hide Average — Show Premium Upsell Nudge,Add late checkout + welcome hamper for ₹400,400,No,6800,Cancelled,2026-02-25,Change of Plans
B000308,S000758,C0366,2573,2026-01-03,2026-02-12,1,Regular,1709,1.0,Show Area Average (Value Reassurance),Area Average Shown (Value Reassurance) — no upsell pitched,0,No,1709,Completed,,
B000309,S000762,C0368,3091,2026-09-10,2026-11-22,1,Valentine,3701,1.29,Hide Average — Show Premium Upsell Nudge,Add airport/station pickup for ₹500,500,No,4774,Completed,,
B000310,S000763,C0368,3724,2026-05-12,2026-06-22,2,Regular,1042,1.0,Show Area Average (Value Reassurance),Area Average Shown (Value Reassurance) — no upsell pitched,0,No,2084,Completed,,
B000311,S000764,C0369,3261,2026-02-03,2026-02-21,4,Long Weekend,1331,2.08,Show Area Average (Value Reassurance),Area Average Shown (Value Reassurance) — no upsell pitched,0,No,11072,Completed,,
B000312,S000765,C0369,3716,2026-07-09,2026-09-04,3,Summer Vacation,6389,1.55,Hide Average — Show Premium Upsell Nudge,Add couple decor setup for ₹700,700,Yes,31806,Completed,,
B000313,S000768,C0371,3257,2026-07-18,2026-08-20,4,Regular,3066,1.0,Hide Average — Show Premium Upsell Nudge,Add private parking + home-cooked meals for ₹500,500,No,12264,Completed,,
B000314,S000770,C0372,2500,2026-02-10,2026-04-22,2,Summer Vacation,2650,0.87,Hide Average — Show Premium Upsell Nudge,Add airport/station pickup for ₹500,500,No,4610,Completed,,
B000315,S000771,C0372,3405,2026-01-25,2026-01-29,2,Regular,2924,1.0,Show Area Average (Value Reassurance),Area Average Shown (Value Reassurance) — no upsell pitched,0,No,5848,Cancelled,2026-01-26,Weather Concern
B000316,S000772,C0373,3294,2026-09-18,2026-11-18,3,Regular,2424,1.0,Show Area Average (Value Reassurance),Area Average Shown (Value Reassurance) — no upsell pitched,0,No,7272,Cancelled,2026-11-12,Change of Plans
B000317,S000773,C0374,2873,2026-05-18,2026-07-10,2,New Year,2006,1.36,Show Area Average (Value Reassurance),Area Average Shown (Value Reassurance) — no upsell pitched,0,No,5456,Completed,,
B000318,S000775,C0376,819,2026-04-24,2026-06-23,1,Valentine,1700,1.05,Show Area Average (Value Reassurance),Area Average Shown (Value Reassurance) — no upsell pitched,0,No,1785,Cancelled,2026-05-28,Found Cheaper Option
B000319,S000777,C0377,3816,2026-04-23,2026-05-21,5,Summer Vacation,1304,1.52,Show Area Average (Value Reassurance),Area Average Shown (Value Reassurance) — no upsell pitched,0,No,9910,Completed,,
B000320,S000786,C0381,3161,2026-05-06,2026-06-14,3,Summer Vacation,2065,1.23,Show Area Average (Value Reassurance),Area Average Shown (Value Reassurance) — no upsell pitched,0,No,7617,Completed,,
B000321,S000791,C0384,3580,2026-08-09,2026-09-20,3,Regular,1601,1.0,Show Area Average (Value Reassurance),Area Average Shown (Value Reassurance) — no upsell pitched,0,No,4803,Completed,,
B000322,S000794,C0385,2680,2026-02-20,2026-03-16,4,Holi,2263,0.95,Show Area Average (Value Reassurance),Area Average Shown (Value Reassurance) — no upsell pitched,0,No,8596,Completed,,
B000323,S000795,C0385,2757,2026-04-19,2026-04-20,3,Regular,3954,1.0,Hide Average — Show Premium Upsell Nudge,Add private parking + home-cooked meals for ₹500,500,Yes,13362,Completed,,
B000324,S000796,C0386,2141,2026-09-21,2026-09-28,3,Regular,2000,1.0,Hide Average — Show Premium Upsell Nudge,Add bonfire & BBQ setup for ₹600,600,No,6000,Completed,,
B000325,S000797,C0387,3257,2026-06-21,2026-08-22,2,Long Weekend,3066,1.82,Hide Average — Show Premium Upsell Nudge,Add private parking + home-cooked meals for ₹500,500,No,11160,Completed,,
B000326,S000804,C0390,3217,2026-06-25,2026-08-18,4,Diwali,3190,1.75,Hide Average — Show Premium Upsell Nudge,Add private breakfast for ₹300,300,No,22328,Cancelled,2026-08-17,Found Cheaper Option
B000327,S000806,C0390,1520,2026-09-21,2026-09-26,1,Diwali,4000,1.42,Hide Average — Show Premium Upsell Nudge,Add private breakfast for ₹300,300,Yes,5980,Cancelled,2026-09-25,Found Cheaper Option
B000328,S000808,C0391,2540,2026-04-22,2026-04-29,2,New Year,13105,1.6,Hide Average — Show Premium Upsell Nudge,Add couple decor setup for ₹700,700,Yes,43336,Completed,,
B000329,S000809,C0392,3883,2026-04-27,2026-06-08,5,Regular,2447,1.0,Show Area Average (Value Reassurance),Area Average Shown (Value Reassurance) — no upsell pitched,0,No,12235,Cancelled,2026-06-02,Change of Plans
B000330,S000813,C0394,3833,2026-07-30,2026-10-03,3,Summer Vacation,6039,1.62,Hide Average — Show Premium Upsell Nudge,Add couple decor setup for ₹700,700,Yes,31449,Completed,,
B000331,S000818,C0397,1456,2026-08-22,2026-09-03,5,Regular,1950,1.0,Show Area Average (Value Reassurance),Area Average Shown (Value Reassurance) — no upsell pitched,0,No,9750,Completed,,
B000332,S000819,C0398,2573,2026-04-23,2026-05-25,3,Summer Vacation,1709,1.06,Show Area Average (Value Reassurance),Area Average Shown (Value Reassurance) — no upsell pitched,0,No,5433,Completed,,
B000333,S000823,C0400,3886,2026-04-30,2026-06-18,1,Valentine,2028,1.31,Show Area Average (Value Reassurance),Area Average Shown (Value Reassurance) — no upsell pitched,0,No,2656,Completed,,
B000334,S000826,C0401,1377,2026-08-03,2026-09-23,1,Long Weekend,2750,1.1,Hide Average — Show Premium Upsell Nudge,Add couple decor setup for ₹700,700,No,3025,Completed,,
B000335,S000829,C0404,2861,2026-04-16,2026-06-17,2,Valentine,3876,1.36,Show Area Average (Value Reassurance),Area Average Shown (Value Reassurance) — no upsell pitched,0,No,10542,Completed,,
B000336,S000830,C0404,2560,2026-05-08,2026-07-11,2,Holi,2722,0.92,Show Area Average (Value Reassurance),Area Average Shown (Value Reassurance) — no upsell pitched,0,No,5008,Completed,,
B000337,S000831,C0405,3267,2026-03-04,2026-05-02,2,Regular,2945,1.0,Hide Average — Show Premium Upsell Nudge,Add couple decor setup for ₹700,700,No,5890,Completed,,
B000338,S000833,C0406,3614,2026-08-25,2026-11-02,1,Summer Vacation,1692,1.82,Hide Average — Show Premium Upsell Nudge,Add airport/station pickup for ₹500,500,No,3079,Cancelled,2026-09-19,Change of Plans
B000339,S000837,C0408,102,2026-07-07,2026-09-16,2,Diwali,4000,1.5,Hide Average — Show Premium Upsell Nudge,Add private parking + home-cooked meals for ₹500,500,Yes,13000,Completed,,
B000340,S000839,C0409,3085,2026-09-23,2026-10-01,3,Regular,1102,1.0,Show Area Average (Value Reassurance),Area Average Shown (Value Reassurance) — no upsell pitched,0,No,3306,Completed,,
B000341,S000849,C0413,3088,2026-07-01,2026-08-14,1,Valentine,12419,1.03,Hide Average — Show Premium Upsell Nudge,Add couple decor setup for ₹700,700,No,12791,Completed,,
B000342,S000850,C0413,3590,2026-01-27,2026-03-14,5,Valentine,7426,1.4,Hide Average — Show Premium Upsell Nudge,Add bonfire & BBQ setup for ₹600,600,Yes,54980,Completed,,
B000343,S000851,C0414,3578,2026-02-24,2026-04-15,5,Regular,3091,1.0,Show Area Average (Value Reassurance),Area Average Shown (Value Reassurance) — no upsell pitched,0,No,15455,Cancelled,2026-04-04,Found Cheaper Option
B000344,S000853,C0415,1949,2026-05-06,2026-06-28,3,Valentine,2250,1.23,Hide Average — Show Premium Upsell Nudge,Add private parking + home-cooked meals for ₹500,500,No,8301,Completed,,
B000345,S000854,C0416,3142,2026-09-21,2026-10-17,3,Regular,3161,1.0,Show Area Average (Value Reassurance),Area Average Shown (Value Reassurance) — no upsell pitched,0,No,9483,Completed,,
B000346,S000855,C0416,2675,2026-09-24,2026-10-11,1,Wedding Season,1856,1.2,Show Area Average (Value Reassurance),Area Average Shown (Value Reassurance) — no upsell pitched,0,No,2227,Completed,,
B000347,S000858,C0417,1046,2026-05-30,2026-07-03,1,New Year,2150,1.2,Hide Average — Show Premium Upsell Nudge,Add bonfire & BBQ setup for ₹600,600,No,2580,Completed,,
B000348,S000860,C0417,2280,2026-01-08,2026-03-20,5,Regular,2150,1.0,Hide Average — Show Premium Upsell Nudge,Add private parking + home-cooked meals for ₹500,500,No,10750,Completed,,
B000349,S000862,C0419,2689,2026-09-22,2026-11-15,1,Long Weekend,1614,1.33,Show Area Average (Value Reassurance),Area Average Shown (Value Reassurance) — no upsell pitched,0,No,2146,Completed,,
B000350,S000864,C0419,3013,2026-02-22,2026-02-26,2,Wedding Season,1048,1.17,Show Area Average (Value Reassurance),Area Average Shown (Value Reassurance) — no upsell pitched,0,No,2452,Completed,,
B000351,S000866,C0421,708,2026-07-12,2026-08-23,4,Long Weekend,2700,1.08,Hide Average — Show Premium Upsell Nudge,Add bonfire & BBQ setup for ₹600,600,No,11664,Completed,,
B000352,S000869,C0422,2861,2026-04-13,2026-06-16,4,Valentine,3876,1.36,Show Area Average (Value Reassurance),Area Average Shown (Value Reassurance) — no upsell pitched,0,No,21084,Cancelled,2026-05-18,Found Cheaper Option
B000353,S000871,C0424,1693,2026-01-29,2026-03-27,2,Regular,2350,1.0,Hide Average — Show Premium Upsell Nudge,Add late checkout + welcome hamper for ₹400,400,No,4700,Completed,,
B000354,S000872,C0424,3504,2026-08-15,2026-10-20,2,Regular,6821,1.0,Hide Average — Show Premium Upsell Nudge,Add late checkout + welcome hamper for ₹400,400,Yes,14442,Completed,,
B000355,S000874,C0425,3600,2026-01-08,2026-01-11,2,Diwali,2122,1.98,Show Area Average (Value Reassurance),Area Average Shown (Value Reassurance) — no upsell pitched,0,No,8402,Completed,,
B000356,S000875,C0425,1909,2026-03-25,2026-04-04,4,Holi,2250,0.92,Hide Average — Show Premium Upsell Nudge,Add airport/station pickup for ₹500,500,No,8280,Completed,,
B000357,S000880,C0427,3884,2026-01-31,2026-02-02,5,Wedding Season,2519,1.02,Show Area Average (Value Reassurance),Area Average Shown (Value Reassurance) — no upsell pitched,0,No,12845,Completed,,
B000358,S000883,C0428,3787,2026-07-03,2026-08-08,2,Diwali,3950,1.71,Hide Average — Show Premium Upsell Nudge,Add private parking + home-cooked meals for ₹500,500,No,13508,Completed,,
B000359,S000887,C0430,1452,2026-06-07,2026-06-23,4,Regular,2200,1.0,Hide Average — Show Premium Upsell Nudge,Add private parking + home-cooked meals for ₹500,500,No,8800,Completed,,
B000360,S000889,C0431,1251,2026-01-26,2026-02-26,3,New Year,1150,1.16,Show Area Average (Value Reassurance),Area Average Shown (Value Reassurance) — no upsell pitched,0,No,4002,Completed,,
B000361,S000890,C0431,2237,2026-06-25,2026-08-27,2,Long Weekend,2150,1.14,Hide Average — Show Premium Upsell Nudge,Add private breakfast for ₹300,300,No,4902,Completed,,
B000362,S000891,C0431,964,2026-06-14,2026-07-08,1,New Year,1800,1.16,Hide Average — Show Premium Upsell Nudge,Add late checkout + welcome hamper for ₹400,400,No,2088,Completed,,
B000363,S000903,C0438,919,2026-02-21,2026-03-20,2,Summer Vacation,3000,0.96,Hide Average — Show Premium Upsell Nudge,Add airport/station pickup for ₹500,500,Yes,6760,Completed,,
B000364,S000904,C0439,1280,2026-05-01,2026-07-01,2,Valentine,1750,1.24,Hide Average — Show Premium Upsell Nudge,Add private parking + home-cooked meals for ₹500,500,No,4340,Completed,,
B000365,S000907,C0442,3372,2026-04-25,2026-06-13,2,Diwali,2773,1.87,Show Area Average (Value Reassurance),Area Average Shown (Value Reassurance) — no upsell pitched,0,No,10370,Cancelled,2026-04-28,Personal Emergency
B000366,S000910,C0443,3431,2026-08-08,2026-09-08,3,Regular,1960,1.0,Hide Average — Show Premium Upsell Nudge,Add late checkout + welcome hamper for ₹400,400,No,5880,Completed,,
B000367,S000911,C0443,3360,2026-06-04,2026-06-09,3,Wedding Season,975,1.04,Show Area Average (Value Reassurance),Area Average Shown (Value Reassurance) — no upsell pitched,0,No,3042,Completed,,
B000368,S000914,C0445,3481,2026-05-26,2026-08-04,1,Holi,7682,0.94,Hide Average — Show Premium Upsell Nudge,Add private breakfast for ₹300,300,No,7221,Cancelled,2026-06-09,Personal Emergency
B000369,S000916,C0446,2699,2026-05-13,2026-06-30,4,Long Weekend,1903,1.36,Hide Average — Show Premium Upsell Nudge,Add private parking + home-cooked meals for ₹500,500,Yes,12352,Completed,,
B000370,S000918,C0447,3417,2026-04-03,2026-04-16,5,Regular,8735,1.0,Hide Average — Show Premium Upsell Nudge,Add private parking + home-cooked meals for ₹500,500,No,43675,Completed,,
B000371,S000919,C0447,3450,2026-06-11,2026-08-21,2,Diwali,6172,1.83,Hide Average — Show Premium Upsell Nudge,Add private breakfast for ₹300,300,Yes,23188,Cancelled,2026-08-16,Weather Concern
B000372,S000921,C0449,2852,2026-08-14,2026-09-17,4,Regular,2278,1.0,Show Area Average (Value Reassurance),Area Average Shown (Value Reassurance) — no upsell pitched,0,No,9112,Completed,,
B000373,S000924,C0450,3181,2026-08-17,2026-10-02,5,Summer Vacation,2494,1.18,Show Area Average (Value Reassurance),Area Average Shown (Value Reassurance) — no upsell pitched,0,No,14710,Completed,,
B000374,S000928,C0452,536,2026-03-26,2026-04-08,1,Long Weekend,1800,1.02,Show Area Average (Value Reassurance),Area Average Shown (Value Reassurance) — no upsell pitched,0,No,1836,Completed,,
B000375,S000930,C0454,3356,2026-01-27,2026-03-17,3,Regular,2509,1.0,Show Area Average (Value Reassurance),Area Average Shown (Value Reassurance) — no upsell pitched,0,No,7527,Completed,,
B000376,S000934,C0457,2586,2026-02-22,2026-04-02,1,Valentine,2406,1.35,Show Area Average (Value Reassurance),Area Average Shown (Value Reassurance) — no upsell pitched,0,No,3248,Completed,,
B000377,S000935,C0457,3649,2026-07-12,2026-08-26,2,Long Weekend,4700,1.88,Show Area Average (Value Reassurance),Area Average Shown (Value Reassurance) — no upsell pitched,0,No,17672,Completed,,
B000378,S000939,C0459,328,2026-08-04,2026-10-07,2,Valentine,2700,1.03,Show Area Average (Value Reassurance),Area Average Shown (Value Reassurance) — no upsell pitched,0,No,5562,Completed,,
B000379,S000943,C0462,3485,2026-07-27,2026-09-20,2,Summer Vacation,5813,1.51,Hide Average — Show Premium Upsell Nudge,Add bonfire & BBQ setup for ₹600,600,Yes,18754,Completed,,
B000380,S000944,C0462,2654,2026-07-13,2026-08-24,1,Valentine,799,1.07,Show Area Average (Value Reassurance),Area Average Shown (Value Reassurance) — no upsell pitched,0,No,854,Completed,,
B000381,S000945,C0462,2823,2026-01-06,2026-01-31,3,Valentine,9215,1.03,Hide Average — Show Premium Upsell Nudge,Add couple decor setup for ₹700,700,Yes,30573,Completed,,
B000382,S000946,C0462,1565,2026-04-29,2026-05-04,1,Regular,4000,1.0,Hide Average — Show Premium Upsell Nudge,Add private breakfast for ₹300,300,Yes,4300,Cancelled,2026-05-01,Found Cheaper Option
B000383,S000947,C0463,2632,2026-03-26,2026-03-28,3,Wedding Season,1173,1.13,Show Area Average (Value Reassurance),Area Average Shown (Value Reassurance) — no upsell pitched,0,No,3975,Completed,,
B000384,S000950,C0464,2494,2026-04-24,2026-06-09,3,Regular,900,1.0,Show Area Average (Value Reassurance),Area Average Shown (Value Reassurance) — no upsell pitched,0,No,2700,Completed,,
B000385,S000951,C0465,1643,2026-01-17,2026-03-28,1,Long Weekend,1400,1.08,Show Area Average (Value Reassurance),Area Average Shown (Value Reassurance) — no upsell pitched,0,No,1512,Completed,,
B000386,S000952,C0465,2017,2026-03-19,2026-04-21,2,Regular,1600,1.0,Hide Average — Show Premium Upsell Nudge,Add private breakfast for ₹300,300,No,3200,Completed,,
B000387,S000953,C0465,48,2026-04-19,2026-06-20,3,Regular,3000,1.0,Show Area Average (Value Reassurance),Area Average Shown (Value Reassurance) — no upsell pitched,0,No,9000,Completed,,
B000388,S000955,C0466,3311,2026-04-17,2026-06-29,3,Long Weekend,2856,1.87,Hide Average — Show Premium Upsell Nudge,Add airport/station pickup for ₹500,500,No,16020,Cancelled,2026-04-20,Found Cheaper Option
B000389,S000956,C0466,3699,2026-09-17,2026-11-20,4,Regular,1689,1.0,Show Area Average (Value Reassurance),Area Average Shown (Value Reassurance) — no upsell pitched,0,No,6756,Completed,,
B000390,S000958,C0466,3802,2026-09-18,2026-11-09,2,Long Weekend,1294,1.99,Show Area Average (Value Reassurance),Area Average Shown (Value Reassurance) — no upsell pitched,0,No,5150,Completed,,
B000391,S000961,C0467,431,2026-07-12,2026-09-08,2,Regular,1500,1.0,Show Area Average (Value Reassurance),Area Average Shown (Value Reassurance) — no upsell pitched,0,No,3000,Completed,,
B000392,S000963,C0468,3732,2026-03-14,2026-04-19,4,Valentine,1511,1.55,Show Area Average (Value Reassurance),Area Average Shown (Value Reassurance) — no upsell pitched,0,No,9368,Completed,,
B000393,S000964,C0469,1840,2026-01-08,2026-01-09,1,Holi,4000,0.98,Hide Average — Show Premium Upsell Nudge,Add bonfire & BBQ setup for ₹600,600,Yes,4520,Completed,,
B000394,S000965,C0469,3166,2026-07-14,2026-09-01,4,New Year,9269,1.41,Hide Average — Show Premium Upsell Nudge,Add private parking + home-cooked meals for ₹500,500,Yes,54276,Completed,,
B000395,S000971,C0474,2718,2026-09-15,2026-09-28,3,Long Weekend,10059,1.17,Hide Average — Show Premium Upsell Nudge,Add airport/station pickup for ₹500,500,Yes,36807,Completed,,
B000396,S000972,C0474,3006,2026-01-21,2026-03-30,2,Regular,1123,1.0,Show Area Average (Value Reassurance),Area Average Shown (Value Reassurance) — no upsell pitched,0,No,2246,Cancelled,2026-03-01,Personal Emergency
B000397,S000973,C0475,3791,2026-09-08,2026-10-26,1,Diwali,2663,1.96,Hide Average — Show Premium Upsell Nudge,Add airport/station pickup for ₹500,500,No,5219,Completed,,
B000398,S000974,C0476,3792,2026-01-04,2026-02-21,1,Long Weekend,900,1.98,Show Area Average (Value Reassurance),Area Average Shown (Value Reassurance) — no upsell pitched,0,No,1782,Completed,,
B000399,S000976,C0477,1817,2026-07-23,2026-08-23,3,Regular,4000,1.0,Hide Average — Show Premium Upsell Nudge,Add airport/station pickup for ₹500,500,Yes,13500,Completed,,
B000400,S000981,C0481,58,2026-01-10,2026-02-05,1,Regular,2350,1.0,Hide Average — Show Premium Upsell Nudge,Add late checkout + welcome hamper for ₹400,400,Yes,2750,Completed,,
B000401,S000982,C0481,3466,2026-03-03,2026-03-10,3,Valentine,2066,1.14,Show Area Average (Value Reassurance),Area Average Shown (Value Reassurance) — no upsell pitched,0,No,7065,Completed,,
B000402,S000984,C0482,2999,2026-01-24,2026-03-18,1,Holi,1187,0.94,Show Area Average (Value Reassurance),Area Average Shown (Value Reassurance) — no upsell pitched,0,No,1115,Completed,,
B000403,S000986,C0483,1004,2026-01-16,2026-02-25,4,Long Weekend,2550,1.07,Hide Average — Show Premium Upsell Nudge,Add airport/station pickup for ₹500,500,No,10912,Completed,,
B000404,S000991,C0484,3743,2026-05-07,2026-06-13,2,New Year,2526,2.22,Show Area Average (Value Reassurance),Area Average Shown (Value Reassurance) — no upsell pitched,0,No,11214,Completed,,
B000405,S000992,C0484,3552,2026-08-01,2026-08-18,2,Regular,2691,1.0,Show Area Average (Value Reassurance),Area Average Shown (Value Reassurance) — no upsell pitched,0,No,5382,Completed,,
B000406,S000994,C0486,1023,2026-09-24,2026-09-26,2,Long Weekend,1750,1.1,Show Area Average (Value Reassurance),Area Average Shown (Value Reassurance) — no upsell pitched,0,No,3850,Completed,,
B000407,S000997,C0487,2947,2026-07-23,2026-09-07,1,Regular,4334,1.0,Hide Average — Show Premium Upsell Nudge,Add airport/station pickup for ₹500,500,Yes,4834,Completed,,
B000408,S000998,C0488,1434,2026-05-25,2026-07-11,3,New Year,2600,1.39,Hide Average — Show Premium Upsell Nudge,Add airport/station pickup for ₹500,500,No,10839,Completed,,
B000409,S001000,C0488,3469,2026-01-07,2026-03-01,3,Holi,1908,0.9,Show Area Average (Value Reassurance),Area Average Shown (Value Reassurance) — no upsell pitched,0,No,5151,Cancelled,2026-02-11,Personal Emergency
B000410,S001001,C0489,1344,2026-07-04,2026-09-04,4,Long Weekend,2400,1.08,Show Area Average (Value Reassurance),Area Average Shown (Value Reassurance) — no upsell pitched,0,No,10368,Completed,,
B000411,S001002,C0489,3446,2026-06-23,2026-07-13,3,Summer Vacation,2581,1.56,Hide Average — Show Premium Upsell Nudge,Add couple decor setup for ₹700,700,No,12078,Completed,,
B000412,S001008,C0492,3884,2026-03-13,2026-04-26,5,Long Weekend,2519,2.06,Show Area Average (Value Reassurance),Area Average Shown (Value Reassurance) — no upsell pitched,0,No,25945,Completed,,
B000413,S001011,C0494,3150,2026-05-06,2026-05-08,2,Wedding Season,1595,1.19,Show Area Average (Value Reassurance),Area Average Shown (Value Reassurance) — no upsell pitched,0,No,3796,Completed,,
B000414,S001014,C0496,3644,2026-09-19,2026-12-02,5,Regular,2894,1.0,Hide Average — Show Premium Upsell Nudge,Add bonfire & BBQ setup for ₹600,600,Yes,17470,Cancelled,2026-11-21,Change of Plans
B000415,S001015,C0497,3682,2026-08-09,2026-09-07,2,Regular,1874,1.0,Hide Average — Show Premium Upsell Nudge,Add private breakfast for ₹300,300,No,3748,Completed,,
B000416,S001018,C0497,2242,2026-03-30,2026-05-10,2,Regular,2100,1.0,Hide Average — Show Premium Upsell Nudge,Add couple decor setup for ₹700,700,No,4200,Completed,,
B000417,S001019,C0498,3106,2026-01-24,2026-03-07,1,Regular,2084,1.0,Show Area Average (Value Reassurance),Area Average Shown (Value Reassurance) — no upsell pitched,0,No,2084,Completed,,
B000418,S001021,C0499,2134,2026-07-03,2026-08-14,4,Regular,3050,1.0,Show Area Average (Value Reassurance),Area Average Shown (Value Reassurance) — no upsell pitched,0,No,12200,Completed,,
B000419,S001024,C0501,1018,2026-01-22,2026-03-26,2,Diwali,3400,1.51,Hide Average — Show Premium Upsell Nudge,Add bonfire & BBQ setup for ₹600,600,No,10268,Completed,,
B000420,S001028,C0503,1424,2026-05-04,2026-05-24,2,Regular,3550,1.0,Hide Average — Show Premium Upsell Nudge,Add private parking + home-cooked meals for ₹500,500,Yes,8100,Completed,,
B000421,S001029,C0504,1927,2026-09-14,2026-09-26,2,Regular,2050,1.0,Show Area Average (Value Reassurance),Area Average Shown (Value Reassurance) — no upsell pitched,0,No,4100,Completed,,
B000422,S001034,C0506,3768,2026-05-16,2026-05-20,2,Wedding Season,1506,1.03,Show Area Average (Value Reassurance),Area Average Shown (Value Reassurance) — no upsell pitched,0,No,3102,Completed,,
B000423,S001037,C0507,3068,2026-01-12,2026-03-26,5,Long Weekend,1103,1.28,Show Area Average (Value Reassurance),Area Average Shown (Value Reassurance) — no upsell pitched,0,No,7055,Cancelled,2026-02-14,Found Cheaper Option
B000424,S001039,C0508,2613,2026-09-27,2026-10-27,2,Wedding Season,10889,1.72,Hide Average — Show Premium Upsell Nudge,Add late checkout + welcome hamper for ₹400,400,No,37458,Completed,,
B000425,S001040,C0508,3113,2026-08-09,2026-09-10,1,Long Weekend,2673,1.4,Show Area Average (Value Reassurance),Area Average Shown (Value Reassurance) — no upsell pitched,0,No,3742,Completed,,
B000426,S001042,C0509,580,2026-01-22,2026-02-10,3,Summer Vacation,2500,0.9,Show Area Average (Value Reassurance),Area Average Shown (Value Reassurance) — no upsell pitched,0,No,6750,Completed,,
B000427,S001043,C0510,2593,2026-05-28,2026-07-29,2,Valentine,1266,1.02,Show Area Average (Value Reassurance),Area Average Shown (Value Reassurance) — no upsell pitched,0,No,2582,Completed,,
B000428,S001044,C0510,973,2026-06-23,2026-07-10,3,Long Weekend,4000,1.07,Hide Average — Show Premium Upsell Nudge,Add airport/station pickup for ₹500,500,No,12840,Completed,,
B000429,S001045,C0510,3495,2026-09-05,2026-09-30,1,Long Weekend,1946,2.0,Hide Average — Show Premium Upsell Nudge,Add private breakfast for ₹300,300,No,3892,Completed,,
B000430,S001047,C0512,3086,2026-08-13,2026-09-11,2,Regular,2462,1.0,Show Area Average (Value Reassurance),Area Average Shown (Value Reassurance) — no upsell pitched,0,No,4924,Completed,,
B000431,S001051,C0516,450,2026-04-07,2026-05-02,1,Regular,1300,1.0,Show Area Average (Value Reassurance),Area Average Shown (Value Reassurance) — no upsell pitched,0,No,1300,Completed,,
B000432,S001055,C0518,581,2026-09-27,2026-10-16,1,Long Weekend,1400,1.05,Show Area Average (Value Reassurance),Area Average Shown (Value Reassurance) — no upsell pitched,0,No,1470,Cancelled,2026-10-10,Found Cheaper Option
B000433,S001056,C0519,3046,2026-02-04,2026-02-13,5,Summer Vacation,3757,1.21,Show Area Average (Value Reassurance),Area Average Shown (Value Reassurance) — no upsell pitched,0,No,22725,Completed,,
B000434,S001057,C0519,3092,2026-04-21,2026-07-02,2,Regular,3746,1.0,Hide Average — Show Premium Upsell Nudge,Add late checkout + welcome hamper for ₹400,400,No,7492,Completed,,
B000435,S001058,C0520,2649,2026-01-28,2026-01-29,2,Regular,3825,1.0,Hide Average — Show Premium Upsell Nudge,Add private breakfast for ₹300,300,No,7650,Completed,,
B000436,S001059,C0520,3018,2026-02-14,2026-03-31,3,Regular,1645,1.0,Show Area Average (Value Reassurance),Area Average Shown (Value Reassurance) — no upsell pitched,0,No,4935,Completed,,
B000437,S001063,C0522,1189,2026-01-12,2026-02-24,2,Regular,3600,1.0,Hide Average — Show Premium Upsell Nudge,Add late checkout + welcome hamper for ₹400,400,No,7200,Completed,,
B000438,S001066,C0523,3392,2026-06-10,2026-08-04,1,Holi,1565,0.92,Show Area Average (Value Reassurance),Area Average Shown (Value Reassurance) — no upsell pitched,0,No,1439,Completed,,
B000439,S001068,C0524,608,2026-01-22,2026-02-11,4,Summer Vacation,2850,0.96,Hide Average — Show Premium Upsell Nudge,Add bonfire & BBQ setup for ₹600,600,Yes,13344,Completed,,
B000440,S001075,C0527,1901,2026-05-20,2026-07-12,3,Summer Vacation,2550,0.89,Show Area Average (Value Reassurance),Area Average Shown (Value Reassurance) — no upsell pitched,0,No,6807,Cancelled,2026-07-06,Change of Plans
B000441,S001076,C0528,2076,2026-07-12,2026-08-05,3,Diwali,1250,1.14,Show Area Average (Value Reassurance),Area Average Shown (Value Reassurance) — no upsell pitched,0,No,4272,Completed,,
B000442,S001077,C0528,577,2026-08-07,2026-09-26,4,Holi,1950,0.92,Hide Average — Show Premium Upsell Nudge,Add late checkout + welcome hamper for ₹400,400,No,7176,Completed,,
B000443,S001080,C0531,369,2026-01-04,2026-03-02,2,New Year,2000,1.22,Hide Average — Show Premium Upsell Nudge,Add late checkout + welcome hamper for ₹400,400,No,4880,Completed,,
B000444,S001082,C0532,2764,2026-04-09,2026-05-06,2,Regular,1921,1.0,Show Area Average (Value Reassurance),Area Average Shown (Value Reassurance) — no upsell pitched,0,No,3842,Cancelled,2026-04-16,Personal Emergency
B000445,S001085,C0533,299,2026-07-09,2026-08-15,1,Valentine,2450,1.45,Hide Average — Show Premium Upsell Nudge,Add private breakfast for ₹300,300,No,3552,Completed,,
B000446,S001087,C0534,3488,2026-01-19,2026-01-30,1,Valentine,2738,1.13,Show Area Average (Value Reassurance),Area Average Shown (Value Reassurance) — no upsell pitched,0,No,3093,Completed,,
B000447,S001094,C0537,3530,2026-08-30,2026-11-07,4,Long Weekend,3474,1.98,Hide Average — Show Premium Upsell Nudge,Add airport/station pickup for ₹500,500,No,27512,Completed,,
B000448,S001096,C0537,3309,2026-08-06,2026-10-04,2,Summer Vacation,4216,1.64,Show Area Average (Value Reassurance),Area Average Shown (Value Reassurance) — no upsell pitched,0,No,13828,Completed,,
B000449,S001103,C0540,3501,2026-03-30,2026-04-03,3,Diwali,1560,1.73,Show Area Average (Value Reassurance),Area Average Shown (Value Reassurance) — no upsell pitched,0,No,8094,Cancelled,2026-03-30,Price Increase Post-Booking
B000450,S001105,C0540,1295,2026-01-23,2026-02-24,4,Wedding Season,1900,1.0,Hide Average — Show Premium Upsell Nudge,Add late checkout + welcome hamper for ₹400,400,No,7600,Completed,,
B000451,S001109,C0544,3526,2026-07-27,2026-08-17,1,Holi,3551,0.87,Hide Average — Show Premium Upsell Nudge,Add airport/station pickup for ₹500,500,No,3089,Completed,,
B000452,S001110,C0545,3525,2026-05-09,2026-07-17,4,Valentine,1341,1.06,Show Area Average (Value Reassurance),Area Average Shown (Value Reassurance) — no upsell pitched,0,No,5684,Completed,,
B000453,S001112,C0546,1231,2026-06-20,2026-07-14,4,Regular,4000,1.0,Hide Average — Show Premium Upsell Nudge,Add bonfire & BBQ setup for ₹600,600,No,16000,Cancelled,2026-06-20,Found Cheaper Option
B000454,S001113,C0546,3737,2026-07-11,2026-07-24,1,Regular,1764,1.0,Hide Average — Show Premium Upsell Nudge,Add private breakfast for ₹300,300,No,1764,Completed,,
B000455,S001114,C0546,3247,2026-01-30,2026-02-28,1,Long Weekend,3001,1.64,Hide Average — Show Premium Upsell Nudge,Add private breakfast for ₹300,300,No,4921,Completed,,
B000456,S001115,C0546,3466,2026-06-01,2026-06-14,1,Regular,2066,1.0,Show Area Average (Value Reassurance),Area Average Shown (Value Reassurance) — no upsell pitched,0,No,2066,Completed,,
B000457,S001116,C0547,3041,2026-02-10,2026-03-04,1,Holi,2192,0.95,Show Area Average (Value Reassurance),Area Average Shown (Value Reassurance) — no upsell pitched,0,No,2082,Cancelled,2026-03-01,Found Cheaper Option
B000458,S001120,C0548,1426,2026-07-06,2026-07-20,1,Regular,2750,1.0,Show Area Average (Value Reassurance),Area Average Shown (Value Reassurance) — no upsell pitched,0,No,2750,Completed,,
B000459,S001121,C0548,568,2026-01-01,2026-02-27,1,Long Weekend,3600,1.03,Hide Average — Show Premium Upsell Nudge,Add private breakfast for ₹300,300,No,3708,Cancelled,2026-02-22,Change of Plans
B000460,S001122,C0549,3709,2026-03-20,2026-04-08,1,Summer Vacation,1951,1.63,Hide Average — Show Premium Upsell Nudge,Add private breakfast for ₹300,300,No,3180,Completed,,
B000461,S001124,C0551,3603,2026-02-20,2026-03-30,1,Valentine,1735,1.45,Hide Average — Show Premium Upsell Nudge,Add airport/station pickup for ₹500,500,No,2515,Completed,,
B000462,S001126,C0551,2553,2026-06-26,2026-09-04,2,Regular,1349,1.0,Show Area Average (Value Reassurance),Area Average Shown (Value Reassurance) — no upsell pitched,0,No,2698,Completed,,
B000463,S001127,C0551,2819,2026-07-29,2026-10-02,2,Regular,1776,1.0,Show Area Average (Value Reassurance),Area Average Shown (Value Reassurance) — no upsell pitched,0,No,3552,Completed,,
B000464,S001131,C0553,2153,2026-08-07,2026-09-24,2,Regular,4000,1.0,Hide Average — Show Premium Upsell Nudge,Add late checkout + welcome hamper for ₹400,400,No,8000,Completed,,
B000465,S001132,C0554,3090,2026-07-12,2026-09-19,3,Summer Vacation,10346,1.21,Hide Average — Show Premium Upsell Nudge,Add late checkout + welcome hamper for ₹400,400,No,37554,Cancelled,2026-08-08,Found Cheaper Option
B000466,S001134,C0555,267,2026-04-15,2026-05-14,4,Holi,3300,0.98,Hide Average — Show Premium Upsell Nudge,Add private parking + home-cooked meals for ₹500,500,No,12936,Completed,,
B000467,S001136,C0556,785,2026-05-29,2026-06-19,2,Summer Vacation,3100,0.85,Hide Average — Show Premium Upsell Nudge,Add late checkout + welcome hamper for ₹400,400,Yes,6070,Completed,,
B000468,S001137,C0556,2947,2026-01-04,2026-01-12,2,Regular,4334,1.0,Hide Average — Show Premium Upsell Nudge,Add airport/station pickup for ₹500,500,No,8668,Cancelled,2026-01-08,Change of Plans
B000469,S001142,C0558,2963,2026-07-10,2026-07-29,5,Valentine,1727,1.29,Show Area Average (Value Reassurance),Area Average Shown (Value Reassurance) — no upsell pitched,0,No,11135,Completed,,
B000470,S001145,C0559,2468,2026-08-18,2026-08-26,2,Summer Vacation,1700,0.93,Hide Average — Show Premium Upsell Nudge,Add private breakfast for ₹300,300,Yes,3762,Completed,,
B000471,S001146,C0559,2220,2026-04-17,2026-05-17,5,Summer Vacation,2100,0.93,Show Area Average (Value Reassurance),Area Average Shown (Value Reassurance) — no upsell pitched,0,No,9765,Cancelled,2026-04-30,Change of Plans
B000472,S001150,C0560,2938,2026-09-07,2026-11-17,5,Diwali,3715,1.53,Hide Average — Show Premium Upsell Nudge,Add couple decor setup for ₹700,700,No,28415,Cancelled,2026-09-16,Change of Plans
B000473,S001151,C0560,3076,2026-04-14,2026-04-26,3,Regular,2737,1.0,Show Area Average (Value Reassurance),Area Average Shown (Value Reassurance) — no upsell pitched,0,No,8211,Completed,,
B000474,S001153,C0561,2072,2026-01-28,2026-04-08,1,Valentine,3600,1.27,Hide Average — Show Premium Upsell Nudge,Add private breakfast for ₹300,300,No,4572,Cancelled,2026-02-18,Change of Plans
B000475,S001158,C0563,3547,2026-07-30,2026-09-26,2,Long Weekend,2214,2.08,Show Area Average (Value Reassurance),Area Average Shown (Value Reassurance) — no upsell pitched,0,No,9210,Cancelled,2026-08-20,Change of Plans
B000476,S001159,C0564,1832,2026-01-29,2026-03-05,3,Regular,1250,1.0,Show Area Average (Value Reassurance),Area Average Shown (Value Reassurance) — no upsell pitched,0,No,3750,Completed,,
B000477,S001160,C0564,2717,2026-06-18,2026-08-03,2,New Year,2191,1.48,Show Area Average (Value Reassurance),Area Average Shown (Value Reassurance) — no upsell pitched,0,No,6484,Completed,,
B000478,S001163,C0565,2983,2026-09-01,2026-09-09,5,Regular,1739,1.0,Show Area Average (Value Reassurance),Area Average Shown (Value Reassurance) — no upsell pitched,0,No,8695,Completed,,
B000479,S001166,C0566,3512,2026-06-06,2026-07-14,2,Holi,6457,0.9,Hide Average — Show Premium Upsell Nudge,Add airport/station pickup for ₹500,500,No,11622,Completed,,
B000480,S001167,C0566,3340,2026-04-15,2026-05-18,1,Regular,6645,1.0,Hide Average — Show Premium Upsell Nudge,Add bonfire & BBQ setup for ₹600,600,Yes,7245,Completed,,
B000481,S001168,C0567,3689,2026-07-21,2026-08-24,1,Diwali,2981,1.79,Hide Average — Show Premium Upsell Nudge,Add private parking + home-cooked meals for ₹500,500,Yes,5835,Completed,,
B000482,S001174,C0569,3318,2026-08-19,2026-10-02,2,Diwali,972,1.87,Show Area Average (Value Reassurance),Area Average Shown (Value Reassurance) — no upsell pitched,0,No,3634,Cancelled,2026-09-10,Personal Emergency
B000483,S001176,C0571,334,2026-07-02,2026-08-18,3,New Year,1200,1.27,Show Area Average (Value Reassurance),Area Average Shown (Value Reassurance) — no upsell pitched,0,No,4572,Completed,,
B000484,S001182,C0573,3634,2026-07-21,2026-09-11,2,Valentine,3265,1.05,Show Area Average (Value Reassurance),Area Average Shown (Value Reassurance) — no upsell pitched,0,No,6856,Completed,,
B000485,S001185,C0574,1663,2026-04-12,2026-06-03,1,Regular,4000,1.0,Hide Average — Show Premium Upsell Nudge,Add airport/station pickup for ₹500,500,No,4000,Completed,,
B000486,S001186,C0574,324,2026-01-24,2026-03-13,2,Regular,1600,1.0,Show Area Average (Value Reassurance),Area Average Shown (Value Reassurance) — no upsell pitched,0,No,3200,Completed,,
B000487,S001189,C0575,2717,2026-09-16,2026-10-16,5,Regular,2191,1.0,Show Area Average (Value Reassurance),Area Average Shown (Value Reassurance) — no upsell pitched,0,No,10955,Completed,,
B000488,S001191,C0576,1118,2026-04-27,2026-06-30,3,Diwali,3000,1.25,Hide Average — Show Premium Upsell Nudge,Add bonfire & BBQ setup for ₹600,600,No,11250,Completed,,
B000489,S001192,C0576,2367,2026-08-25,2026-09-25,5,New Year,2150,1.32,Hide Average — Show Premium Upsell Nudge,Add couple decor setup for ₹700,700,Yes,17690,Cancelled,2026-09-01,Change of Plans
B000490,S001193,C0577,3790,2026-04-25,2026-06-26,5,New Year,2814,2.19,Hide Average — Show Premium Upsell Nudge,Add bonfire & BBQ setup for ₹600,600,No,30810,Completed,,
B000491,S001196,C0579,3884,2026-02-09,2026-02-27,2,Long Weekend,2519,2.06,Show Area Average (Value Reassurance),Area Average Shown (Value Reassurance) — no upsell pitched,0,No,10378,Completed,,
B000492,S001197,C0579,3659,2026-03-23,2026-06-04,2,Holi,2925,0.87,Show Area Average (Value Reassurance),Area Average Shown (Value Reassurance) — no upsell pitched,0,No,5088,Completed,,
B000493,S001198,C0580,3406,2026-07-03,2026-09-14,3,Valentine,2659,1.19,Show Area Average (Value Reassurance),Area Average Shown (Value Reassurance) — no upsell pitched,0,No,9492,Completed,,
B000494,S001200,C0581,2658,2026-03-13,2026-05-02,2,Regular,3421,1.0,Show Area Average (Value Reassurance),Area Average Shown (Value Reassurance) — no upsell pitched,0,No,6842,Completed,,
B000495,S001203,C0582,3689,2026-01-30,2026-03-26,5,Valentine,2981,1.49,Hide Average — Show Premium Upsell Nudge,Add private parking + home-cooked meals for ₹500,500,Yes,24705,Completed,,
B000496,S001205,C0584,1975,2026-04-10,2026-06-12,3,Long Weekend,4000,1.14,Hide Average — Show Premium Upsell Nudge,Add private parking + home-cooked meals for ₹500,500,Yes,15180,Completed,,
B000497,S001208,C0585,3076,2026-03-08,2026-04-05,2,Holi,2737,0.97,Show Area Average (Value Reassurance),Area Average Shown (Value Reassurance) — no upsell pitched,0,No,5308,Completed,,
B000498,S001211,C0586,762,2026-08-22,2026-10-02,2,Summer Vacation,1950,0.87,Hide Average — Show Premium Upsell Nudge,Add airport/station pickup for ₹500,500,No,3392,Completed,,
B000499,S001214,C0588,3888,2026-02-07,2026-02-16,4,Long Weekend,1007,1.75,Show Area Average (Value Reassurance),Area Average Shown (Value Reassurance) — no upsell pitched,0,No,7048,Completed,,
B000500,S001215,C0589,904,2026-04-17,2026-05-18,5,Long Weekend,1250,1.13,Show Area Average (Value Reassurance),Area Average Shown (Value Reassurance) — no upsell pitched,0,No,7060,Completed,,
B000501,S001217,C0590,2900,2026-07-25,2026-09-12,4,Summer Vacation,1386,1.16,Show Area Average (Value Reassurance),Area Average Shown (Value Reassurance) — no upsell pitched,0,No,6428,Completed,,
B000502,S001230,C0598,3589,2026-09-27,2026-11-08,5,Diwali,2754,1.93,Show Area Average (Value Reassurance),Area Average Shown (Value Reassurance) — no upsell pitched,0,No,26575,Completed,,
